State,County,Category Code,Site ID,Proposed Date,HRS_Score,Site_Contaminants,Year,County_Population,Total_Cancer_Count_M/F,Total_Cancer_Count_Female,Total_Cancer_Count_Male,Total_Cancer_Count_Hisp_M/F,Total_Cancer_Count_Hisp_F,Total_Cancer_Count_Hisp_M,Combined_Cancer_Rate
AL,HENRY,MP,406299,1999-01-19,55.61000061,"ALUMINUM,AMMONIA,AROCLOR 1260,ARSENIC,BORON,CADMIUM,CHROMIUM,COPPER,IRON,LEAD,MANGANESE,NITRATE,P,P'-DDT,SELENIUM,THALLIUM,VANADIUM,ZINC",1999,85540.0,577.0,251.0,326.0,,,,457.8
AL,SHELBY,MP,400129,2000-08-24,30.200000760000005,"ALUMINUM,ARSENIC,CADMIUM,COBALT,CYANIDE,IRON,LEAD,MANGANESE,MERCURY,NICKEL,THALLIUM,ZINC",2000,1068492.0,5240.0,2506.0,2734.0,,,,421.8
AR,OUACHITA,MP,604486,2000-02-04,50.0,"1,2-DIHYDROACENAPHTHYLENE,1,2-DIMETHYLBENZENE (O-XYLENE),2,4,5-TRICHLOROPHENOL,2-BUTANONE (METHYL ETHYL KETONE),2-METHYLNAPHTHALENE,4-METHYL-2-PENTANONE (METHYL ISOBUTYL KETONE),9H-CARBAZOLE,9H-FLUORENE,ACENAPHTHYLENE,ACETONE,ALUMINUM,ANTHRACENE,ARSENIC,BARIUM,BENZENE,BENZO(B)FLUORANTHENE,BENZO(GHI)PERYLENE,BENZO(K)FLUORANTHENE,BENZO[A]ANTHRACENE,BENZO[A]PYRENE,CHROMIUM,CHRYSENE,COBALT,COPPER,CRESOL (MIXED ISOMERS),DIBENZO(A,H)ANTHRACENE,DIBENZOFURAN,ETHYLBENZENE,FLUORANTHENE,INDENO(1,2,3-CD)PYRENE,LEAD,MANGANESE,NAPHTHALENE,PENTACHLOROPHENOL,PHENANTHRENE,PHENOL,POLYCYCLIC AROMATIC HYDROCARBONS (PAHS),PYRENE,SELENIUM,TETRACHLOROETHENE,TOLUENE,TRICHLOROETHENE,VANADIUM, METAL AND/OR ALLOY,XYLENE (MIXED ISOMERS)",2000,119142.0,892.0,382.0,510.0,,,,519.9
AR,YELL,MP,603651,1999-04-23,41.93000031,"ARSENIC,PENTACHLOROPHENOL",1999,107747.0,616.0,312.0,304.0,31.0,,,447.6
CA,ALAMEDA,OT,902731,1999-05-10,50.0,"1,1,1-TRICHLOROETHANE,1,1-DICHLOROETHANE,1,1-DICHLOROETHENE,1,2,4-TRIMETHYLBENZENE,1,2-DICHLOROBENZENE,1,2-DICHLOROETHANE,1,2-DICHLOROETHENE (CIS AND TRANS MIXTURE),1,2-DIHYDROACENAPHTHYLENE,1,3,5-TRIMETHYLBENZENE,1,3-DICHLOROBENZENE,1,4-DICHLOROBENZENE,2,3,7,8-TETRACHLORODIBENZO-p-DIOXIN (TCDD),2,4-DIMETHYLPHENOL,2,4-DINITROTOLUENE,2-BUTANONE (METHYL ETHYL KETONE),2-CHLOROPHENOL,2-METHOXY-2-METHYLPROPANE (MTBE),2-METHYLNAPHTHALENE,4-CHLORO-3-METHYLPHENOL,4-METHYL-2-PENTANONE (METHYL ISOBUTYL KETONE),4-METHYLPHENOL (P-CRESOL),4-NITROPHENOL,9H-CARBAZOLE,9H-FLUORENE,ACENAPHTHYLENE,ACETONE,ALDRIN,ALPHA-CHLORDANE,ALPHA-HEXACHLOROCYCLOHEXANE,ALUMINUM,ANTHRACENE,ANTIMONY,AROCLOR 1016,AROCLOR 1254,AROCLOR 1260,ARSENIC,BARIUM,BENZENE,BENZO(B)FLUORANTHENE,BENZO(GHI)PERYLENE,BENZO(K)FLUORANTHENE,BENZO[A]ANTHRACENE,BENZO[A]PYRENE,BENZO[A]PYRENE EQUIVALENTS (BaPEq),BERYLLIUM,BETA-HEXACHLOROCYCLOHEXANE,BIS(2-CHLOROETHYL)ETHER,BIS(2-ETHYLHEXYL)PHTHALATE,BUTYL BENZYL PHTHALATE,BUTYLSTANNANE,CADMIUM,CALCIUM,CARBON DISULFIDE,CESIUM-137,CHLORDANE,CHLOROBENZENE,CHLOROETHANE,CHLOROETHENE (VINYL CHLORIDE),CHLOROFORM,CHLOROMETHANE,CHROMIUM,CHROMIUM(VI),CHRYSENE,CIS-1,2-DICHLOROETHENE,COBALT,COBALT-60,COPPER,CUMENE,CYANIDE,DDT AND METABOLITES,DIBENZO(A,H)ANTHRACENE,DIBENZOFURAN,DIBUTYL PHTHALATE,DIBUTYLTIN,DICHLORODIFLUOROMETHANE,DICHLOROMETHANE (METHYLENE CHLORIDE),DIELDRIN,DIETHYL PHTHALATE,ENDOSULFAN I,ENDOSULFAN II,ENDOSULFAN SULFATE,ENDRIN,ENDRIN ALDEHYDE,ENDRIN KETONE,ETHYLBENZENE,FLUORANTHENE,FLUORIDE,GAMMA-CHLORDANE,GAMMA-HEXACHLOROCYCLOHEXANE (LINDANE),HEPTACHLOR,HEPTACHLOR EPOXIDE,HEXACHLOROBENZENE,INDENO(1,2,3-CD)PYRENE,IRON,LEAD,MAGNESIUM,MANGANESE,MERCURY,METHOXYCHLOR,MOLYBDENUM,N,N-DIPROPYLNITROUS AMIDE,NAPHTHALENE,NICKEL,P,P'-DDD,P,P'-DDE,P,P'-DDT,PENTACHLOROPHENOL,PESTICIDES,PHENANTHRENE,PHENOL,POLYCHLORINATED BIPHENYLS (PCBs),POLYCYCLIC AROMATIC HYDROCARBONS (PAHS),POTASSIUM,PROPYLBENZENE,PYRENE,RADIUM-226,SELENIUM,SILVER,SODIUM,STRONTIUM-90,STYRENE,TETRABUTYLSTANNANE,TETRACHLOROETHENE,TETRAETHYL LEAD,THALLIUM,THORIUM-232,TOLUENE,TRANS-1,2-DICHLOROETHENE,TRICHLOROETHENE,TRICHLOROFLUOROMETHANE,URANIUM-238,VANADIUM,VOC,XYLENE (MIXED ISOMERS),ZINC",1999,8220232.0,34463.0,17854.0,16609.0,4295.0,2289.0,2006.0,385.9
CA,ALAMEDA,OT,905334,2003-04-30,50.0,VOC,2003,8316777.0,36214.0,18830.0,17384.0,4593.0,2480.0,2113.0,383.0
CA,LOS ANGELES,MP,901293,2000-12-01,47.11999893,"1,2,4-TRIMETHYLBENZENE,1,2-DICHLOROBENZENE,1,2-DICHLOROETHENE (CIS AND TRANS MIXTURE),1,3,5-TRIMETHYLBENZENE,1,4-DICHLOROBENZENE,ARSENIC,BENZENE,BENZO(B)FLUORANTHENE,BENZO(K)FLUORANTHENE,BENZO[A]ACEANTHRYLENE,BENZO[A]ANTHRACENE,BENZO[A]PYRENE,BUTAN-2-YLBENZENE,CHLOROBENZENE,COPPER,CUMENE,CYCLOHEXANE,DICHLOROMETHANE (METHYLENE CHLORIDE),ETHYLBENZENE,HYDROGEN SULFIDE,INDENO(1,2,3-CD)PYRENE,N,N-DIPHENYLNITROUS AMIDE,NAPHTHALENE,NOT PROVIDED,P,P'-DDT,PHENANTHRENE,PROPYLBENZENE,STYRENE,TETRACHLOROETHENE,TOLUENE,TOTAL PETROLEUM HYDROCARBON -DIESEL,TOTAL PETROLEUM HYDROCARBONS (TPH),TRICHLOROETHANE (MIXED ISOMERS),TRICHLOROETHENE,VOC,XYLENE (MIXED ISOMERS)",2000,50337628.0,203862.0,106534.0,97328.0,,,,376.0
CA,LOS ANGELES,MP,904950,1998-07-28,45.22999954,"1,1,2-TRICHLOROETHANE,1,1-DICHLOROETHANE,1,1-DICHLOROETHENE,1,2-DIBROMO-3-CHLOROPROPANE,1,2-DIBROMOETHANE,1,2-DICHLOROETHANE,1,4-DIOXANE,2-METHOXY-2-METHYLPROPANE (MTBE),3,5,5-TRIMETHYLCYCLOHEX-2-EN-1-ONE,4-METHYL-2-PENTANONE (METHYL ISOBUTYL KETONE),9H-CARBAZOLE,ACETONE,ACETONITRILE,ALUMINUM,ANTIMONY,ARSENIC,BARIUM,BENZENE,BENZO(B)FLUORANTHENE,BENZO(K)FLUORANTHENE,BENZO[A]ANTHRACENE,BENZO[A]PYRENE,BIS(2-ETHYLHEXYL)PHTHALATE,CADMIUM,CHLOROETHANE,CHLOROETHENE (VINYL CHLORIDE),CHLOROFORM,CHLOROMETHANE,CHROMIUM,CHRYSENE,CIS-1,2-DICHLOROETHENE,DIBENZO(A,H)ANTHRACENE,DIBROMOCHLOROMETHANE,DICHLOROMETHANE (METHYLENE CHLORIDE),ETHYLBENZENE,INDENO(1,2,3-CD)PYRENE,IRON,LEAD,MANGANESE,NAPHTHALENE,NICKEL,SELENIUM,SULFIDE,TETRACHLOROETHENE,THALLIUM,TOLUENE,TRANS-1,2-DICHLOROETHENE,TRICHLOROETHENE,XYLENE (MIXED ISOMERS)",1998,50382849.0,199696.0,103975.0,95721.0,57302.0,31429.0,25873.0,380.3
CA,LOS ANGELES,MP; MT; RE; WM,903349,1998-09-29,30.94000053,"1,1,1-TRICHLOROETHANE,1,1,2-TRICHLORO-1,2,2-TRIFLUOROETHANE,1,1,2-TRICHLOROETHANE,1,1-DICHLOROETHANE,1,1-DICHLOROETHENE,1,2-DICHLOROETHANE,1,4-DIOXANE,CARBON TETRACHLORIDE,CHLOROFORM,CHROMIUM(VI),CIS-1,2-DICHLOROETHENE,TETRACHLOROETHENE,TRICHLOROETHENE,TRICHLOROFLUOROMETHANE",1998,50382849.0,199696.0,103975.0,95721.0,57302.0,31429.0,25873.0,380.3
CA,LOS ANGELES,RE,903253,2001-01-11,50.0,"1,1-DICHLOROETHANE,1,1-DICHLOROETHENE,1,2,3-TRICHLOROPROPANE,1,2-DICHLOROETHANE,1,2-DICHLOROPROPANE,AROCLOR 1254,AROCLOR 1260,BENZENE,BENZO(B)FLUORANTHENE,BENZO(K)FLUORANTHENE,BENZO[A]ANTHRACENE,BENZO[A]PYRENE,CHLOROETHENE (VINYL CHLORIDE),CHRYSENE,CIS-1,2-DICHLOROETHENE,DIBENZO(A,H)ANTHRACENE,DIELDRIN,INDENO(1,2,3-CD)PYRENE,LEAD,TETRACHLOROETHENE,TRANS-1,2-DICHLOROETHENE,TRICHLOROETHENE",2001,50203411.0,202284.0,105649.0,96635.0,,,,367.6
CA,NEVADA,MP; MI; MT,904343,1998-09-29,33.65999985,"ANTIMONY,ARSENIC,BARIUM,BERYLLIUM,CADMIUM,COBALT,COPPER,CYANIDE,IRON,LEAD,MANGANESE,MERCURY,NICKEL,SELENIUM,SILVER,ZINC",1998,493717.0,3336.0,1646.0,1690.0,113.0,63.0,50.0,405.7
CA,SANTA BARBARA,WM,901257,2001-06-14,30.0,"(Z)-1,3-DICHLORO-1-PROPENE,1,1,1-TRICHLOROETHANE,1,1,2,2-TETRACHLOROETHANE,1,1,2-TRICHLORO-1,2,2-TRIFLUOROETHANE,1,1,2-TRICHLOROETHANE,1,1-DICHLOROETHANE,1,1-DICHLOROETHENE,1,2,3,4,6,7,8,9-OCTACHLORODIBENZOFURAN,1,2,3,4,6,7,8,9-OCTACHLORODIBENZO[b,e][1,4]DIOXIN (OCDD),1,2,3,4,6,7,8-HEPTACHLORODIBENZO[b,e][1,4]DIOXIN (HpCDD),1,2,3,4,6,7,8-Heptachlorodibenzofuran,1,2,3,4,7,8,9-Heptachlorodibenzofuran,1,2,3,4,7,8-HEXACHLORODIBENZOFURAN (HxCDF),1,2,3,4,7,8-HEXACHLORODIBENZO[b,e][1,4]DIOXIN (HxCDD),1,2,3,6,7,8-HEXACHLORODIBENZOFURAN (HxCDF),1,2,3,6,7,8-HEXACHLORODIBENZO[b,e][1,4]DIOXIN (HxCDD),1,2,3,7,8,9-HEXACHLORODIBENZO-p-DIOXIN (HxCDD),1,2,3,7,8,9-HEXACHLORODIBENZOFURAN (HxCDF),1,2,3,7,8-PENTACHLORODIBENZOFURAN,1,2,3,7,8-PENTACHLORODIBENZO[b,e][1,4]DIOXIN (PeCDD),1,2-DICHLOROETHANE,1,2-DICHLOROPROPANE,1,2-DIMETHYLBENZENE (O-XYLENE),1,3-BUTADIENE,1,4-DIOXANE,2,3,4,6,7,8-Hexachlorodibenzofuran,2,3,4,7,8-PENTACHLORODIBENZOFURAN (PeCDF),2,3,7,8-TETRACHLORODIBENZO-p-DIOXIN (TCDD),2,3,7,8-TETRACHLORODIBENZO-p-DIOXIN (TCDD) TOXICITY EQUIVALENTS (TEq),2-BUTANONE (METHYL ETHYL KETONE),2-METHOXY-2-METHYLPROPANE (MTBE),9H-FLUORENE,ACENAPHTHYLENE,ALUMINUM,ANTIMONY,ARSENIC,BARIUM,BENZENE,BENZO(B)FLUORANTHENE,BENZO(GHI)PERYLENE,BENZO(K)FLUORANTHENE,BENZO[A]ANTHRACENE,BENZO[A]PYRENE,BERYLLIUM,BIS(2-ETHYLHEXYL)PHTHALATE,BROMODICHLOROMETHANE,BROMOFORM,CADMIUM,CARBON TETRACHLORIDE,CHLORDANE,CHLORINATED DIOXINS AND FURANS,CHLOROBENZENE,CHLOROETHENE (VINYL CHLORIDE),CHLOROFORM,CHROMIUM,CHRYSENE,CIS-1,2-DICHLOROETHENE,COPPER,CYANIDE,DIBENZO(A,H)ANTHRACENE,DICHLOROMETHANE (METHYLENE CHLORIDE),DIOXINS AND DIBENZOFURANS,ENDRIN,ETHYLBENZENE,FLUORANTHENE,GAMMA-HEXACHLOROCYCLOHEXANE (LINDANE),HEPTACHLOR,HEPTACHLOR EPOXIDE,HEXACHLOROBENZENE,LEAD,MANGANESE,MECOPROP,MERCURY,MIREX,MOLYBDENUM,NAPHTHALENE,NICKEL,P,P'-DDE,P,P'-DDT,PENTACHLOROPHENOL,PESTICIDES,POLYCHLORINATED BIPHENYLS (PCBs),PYRENE,SELENIUM,STYRENE,TETRACHLOROETHENE,THALLIUM,TOLUENE,TRANS-1,2-DICHLOROETHENE,TRICHLOROETHENE,TRICHLOROFLUOROMETHANE,VANADIUM,XYLENE (MIXED ISOMERS),ZINC",2001,2224477.0,10931.0,5358.0,5573.0,,,,436.3
CO,BOULDER,MI,800892,2003-04-30,50.56000137,"ANTIMONY,ARSENIC,CADMIUM,COPPER,LEAD,MANGANESE,THALLIUM,ZINC",2003,1643238.0,7359.0,3724.0,3635.0,528.0,293.0,235.0,393.3
CO,DENVER,MP,801646,1999-01-19,50.0,"ARSENIC,LEAD,POLYCYCLIC AROMATIC HYDROCARBONS (PAHS)",1999,3465252.0,13470.0,7010.0,6460.0,2648.0,1453.0,1195.0,408.2
CT,NEW HAVEN,WM,102953,2000-05-11,50.0,"ANTIMONY,ARSENIC,BENZO(B)FLUORANTHENE,BENZO(K)FLUORANTHENE,BENZO[A]ANTHRACENE,BENZO[A]PYRENE,CHLORINATED DIOXINS AND FURANS,CHLOROETHENE (VINYL CHLORIDE),CHLOROFORM,CHROMIUM,CHROMIUM(VI),DIBENZO(A,H)ANTHRACENE,INDENO(1,2,3-CD)PYRENE,NICKEL,POLYCHLORINATED BIPHENYLS (PCBs),TRICHLOROETHENE,VANADIUM",2000,4287223.0,26193.0,13277.0,12916.0,,,,477.2
DC,DISTRICT OF COLUMBIA,MP,300031,1998-03-06,48.56999969,"1,2,3,4,6,7,8-HEPTACHLORODIBENZO[b,e][1,4]DIOXIN (HpCDD),1,2,3,7,8,9-HEXACHLORODIBENZO-p-DIOXIN (HxCDD),1,2,3,7,8-PENTACHLORODIBENZOFURAN,ALUMINUM,ANTIMONY,AROCLOR 1260,ARSENIC,BARIUM,BENZENE,BENZO(B)FLUORANTHENE,BENZO(K)FLUORANTHENE,BENZO[A]ANTHRACENE,BENZO[A]PYRENE,BETA-HEXACHLOROCYCLOHEXANE,BROMODICHLOROMETHANE,CADMIUM,CHLOROFORM,CHROMIUM,CHROMIUM(VI),COPPER,DELTA-HEXACHLOROCYCLOHEXANE,DIBENZO(A,H)ANTHRACENE,DIBENZOFURAN,DIBROMOCHLOROMETHANE,INDENO(1,2,3-CD)PYRENE,IRON,LEAD,MANGANESE,NICKEL,P,P'-DDD,P,P'-DDE,P,P'-DDT,THALLIUM,VANADIUM,VANADIUM, METAL AND/OR ALLOY",1998,3370464.0,14133.0,7521.0,6612.0,643.0,348.0,295.0,427.6
FL,BAY,OT,401205,1996-06-17,50.0,"ANTIMONY,AROCLOR 1254,AROCLOR 1260,ARSENIC,BENZO[A]PYRENE EQUIVALENTS (BaPEq),LEAD,POLYCYCLIC AROMATIC HYDROCARBONS, HIGH MOLECULAR WEIGHT (HPAHS)",1996,877477.0,5009.0,2267.0,2742.0,85.0,35.0,50.0,463.7
FL,BROWARD,RE,406469,1997-04-01,50.0,"1,1,1-TRICHLOROETHANE,1,1,2,2-TETRACHLOROETHANE,1,1-DICHLOROETHANE,1,1-DICHLOROETHENE,1,2-DICHLOROETHENE (CIS AND TRANS MIXTURE),ARSENIC,BENZENE,BENZO[A]PYRENE,BIS(2-ETHYLHEXYL)PHTHALATE,BROMODICHLOROMETHANE,CHLOROETHANE,CHLOROETHENE (VINYL CHLORIDE),CHLOROFORM,CIS-1,2-DICHLOROETHENE,ETHYLBENZENE,IRON,N,N-DIPROPYLNITROUS AMIDE,TETRACHLOROETHENE,TOLUENE,TRANS-1,2-DICHLOROETHENE,TRICHLOROETHENE,XYLENE (MIXED ISOMERS)",1997,9333041.0,50100.0,25296.0,24804.0,8983.0,4906.0,4077.0,445.6
FL,HILLSBOROUGH,MP,400537,1996-06-17,59.810001369999995,"1,2-DICHLOROETHANE,ALDRIN,ALPHA-HEXACHLOROCYCLOHEXANE,ALUMINUM,ARSENIC,ATRAZINE,BERYLLIUM,BETA-HEXACHLOROCYCLOHEXANE,BIS(2-ETHYLHEXYL)PHTHALATE,BROMODICHLOROMETHANE,CADMIUM,CARBOPHENOTHION,CHLORDANE,CHLOROBENZENE,CHLOROFORM,CHROMIUM,DELTA-HEXACHLOROCYCLOHEXANE,DIELDRIN,ENDOSULFAN I,ENDOSULFAN II,ENDOSULFAN SULFATE,ENDRIN,FONOFOS,GAMMA-HEXACHLOROCYCLOHEXANE (LINDANE),HEPTACHLOR,HEPTACHLOR EPOXIDE,LEAD,MANGANESE,MOLINATE,NICKEL,NOT PROVIDED,P,P'-DDD,P,P'-DDE,P,P'-DDT,PEBULATE,S-ETHYL N,N-DIPROPYLCARBAMOTHIOATE (EPTC),THALLIUM,TOXAPHENE,TRICHLOROETHANE (MIXED ISOMERS),VERNOLATE,XYLENE (MIXED ISOMERS),ZINC",1996,6510264.0,32111.0,15723.0,16388.0,5378.0,2772.0,2606.0,464.7
FL,HILLSBOROUGH,OT,405001,2000-02-04,41.90999985,"1,1,2,2-TETRACHLOROETHANE,CHLOROETHENE (VINYL CHLORIDE),CIS-1,2-DICHLOROETHENE,IRON,MANGANESE,TRANS-1,2-DICHLOROETHENE,TRICHLOROETHENE,ZINC",2000,7123480.0,38201.0,18979.0,19222.0,,,,484.0
FL,HILLSBOROUGH,OT,406539,2000-05-11,50.0,"(E)-1,3-DICHLORO-1-PROPENE,(Z)-1,3-DICHLORO-1-PROPENE,1,1,1-TRICHLOROETHANE,1,1,2,2-TETRACHLOROETHANE,1,1,2-TRICHLOROETHANE,1,1-DICHLOROETHANE,1,1-DICHLOROETHENE,1,2-DICHLOROETHENE (CIS AND TRANS MIXTURE),ACETONE,ALPHA-CHLORDANE,ALUMINUM,AROCLOR 1254,BARIUM,BENZENE,BERYLLIUM,BROMODICHLOROMETHANE,BROMOFORM,CADMIUM,CALCIUM,CARBON TETRACHLORIDE,CHLOROBENZENE,CHLOROFORM,CHLOROMETHANE,CHROMIUM,COBALT,COPPER,DIBROMOCHLOROMETHANE,DICHLOROMETHANE (METHYLENE CHLORIDE),ENDRIN,ETHYLBENZENE,GAMMA-CHLORDANE,GAMMA-HEXACHLOROCYCLOHEXANE (LINDANE),HEPTACHLOR,IRON,LEAD,MAGNESIUM,MANGANESE,NICKEL,PENTACHLOROPHENOL,POTASSIUM,SELENIUM,SILVER,SODIUM,STYRENE,TETRACHLOROETHENE,TOLUENE,TRICHLOROETHENE,VANADIUM,XYLENE (MIXED ISOMERS),ZINC",2000,7123480.0,38201.0,18979.0,19222.0,,,,484.0
FL,HILLSBOROUGH,RE,400779,1996-06-17,37.61999893,"ALUMINUM,ANTIMONY,ARSENIC,BENZO[A]PYRENE,CADMIUM,CHROMIUM,FLUORIDE,IRON,LEAD,MANGANESE,MERCURY,SODIUM,THALLIUM,VANADIUM,ZINC",1996,6510264.0,32111.0,15723.0,16388.0,5378.0,2772.0,2606.0,464.7
FL,JACKSON,RE,400804,2002-09-05,33.72999954,"ALDRIN,ALUMINUM,ANTIMONY,ARSENIC,CADMIUM,DICHLOROMONOFLUOROMETHANE,DIELDRIN,HEPTACHLOR,HEPTACHLOR EPOXIDE,IRON,LEAD,MANGANESE,TRICHLOROETHENE,VANADIUM, METAL AND/OR ALLOY",2002,239709.0,1079.0,480.0,599.0,,,,318.6
FL,MARTIN,MP,400642,1998-03-06,50.0,"1,1-DICHLOROETHANE,1,1-DICHLOROETHENE,ACETONE,CADMIUM,CHLOROETHENE (VINYL CHLORIDE),CIS-1,2-DICHLOROETHENE,COPPER,MANGANESE,NICKEL,SILVER,TETRACHLOROETHENE,TRANS-1,2-DICHLOROETHENE,TRICHLOROETHENE",1998,778139.0,6522.0,3034.0,3488.0,262.0,132.0,130.0,456.3
FL,PALM BEACH,MP,400785,1999-10-22,50.0,"1,1-DICHLOROETHANE,1,2-DICHLOROETHENE (CIS AND TRANS MIXTURE),ALDRIN,ARSENIC,BENZO[A]PYRENE EQUIVALENTS (BaPEq),BETA-HEXACHLOROCYCLOHEXANE,BROMODICHLOROMETHANE,CHLOROFORM,FLUORIDE,POLYCYCLIC AROMATIC HYDROCARBONS (PAHS),TETRACHLOROETHENE,TRICHLOROETHENE",1999,7227022.0,48605.0,24102.0,24503.0,4833.0,2486.0,2347.0,437.0
FL,POLK,MP,400627,2000-02-04,50.0,"1,2,4-TRICHLOROBENZENE,2,4-DICHLOROPHENOL,4-NITROPHENOL,ALDRIN,ARSENIC,CADMIUM,CHLORDANE,CHLOROMETHANE,CHROMIUM,DIELDRIN,DIOXINS (CHLORINATED DIBENZODIOXINS),GAMMA-HEXACHLOROCYCLOHEXANE (LINDANE),HEPTACHLOR,HEPTACHLOR EPOXIDE,LEAD,P,P'-DDD,P,P'-DDE,P,P'-DDT,TOXAPHENE,XYLENE (MIXED ISOMERS)",2000,3432946.0,22934.0,11092.0,11842.0,,,,488.2
FL,POLK,RE,400792,2000-02-04,,"1-PHENYLETHANONE,ALPHA-CHLORDANE,ALUMINUM,AROCLOR 1016,ARSENIC,ATRAZINE,AZEPAN-2-ONE,BARIUM,BENZO(B)FLUORANTHENE,BENZO(K)FLUORANTHENE,BENZO[A]PYRENE,BERYLLIUM,CADMIUM,CARCINOGENIC POLYCYCLIC AROMATIC HYDROCARBONS (cPAH),CHROMIUM,CHRYSENE,COBALT,GAMMA-CHLORDANE,HEPTACHLOR EPOXIDE,INDENO(1,2,3-CD)PYRENE,IRON,LEAD,MANGANESE,MERCURY,P,P'-DDE,P,P'-DDT,SELENIUM,THALLIUM,TOXAPHENE,VANADIUM, METAL AND/OR ALLOY,XYLENE (MIXED ISOMERS),ZINC",2000,3432946.0,22934.0,11092.0,11842.0,,,,488.2
GA,GLYNN,MP,404439,1997-04-01,50.18000031,TOXAPHENE,1997,413021.0,2422.0,1223.0,1199.0,44.0,25.0,19.0,455.3
GA,GLYNN,MP,405622,1996-12-23,54.49000168,"1,2,3-TRIMETHYLBENZENE,1,2,4-TRIMETHYLBENZENE,1,2-DIHYDROACENAPHTHYLENE,1,3,5-TRIMETHYLBENZENE,1-PHENYLETHANONE,2,4,6-TRICHLOROPHENOL,2,4-DICHLOROPHENOL,2,4-DIMETHYLPHENOL,2-CHLORONAPHTHALENE,2-METHOXY-2-METHYLPROPANE (MTBE),2-METHYLNAPHTHALENE,2-METHYLPHENOL (O-CRESOL),3-METHYLPHENOL (M-CRESOL),9H-CARBAZOLE,9H-FLUORENE,ACENAPHTHYLENE,ALDRIN,ANTHRACENE,ARSENIC,BARIUM,BENZENE,BENZO(B)FLUORANTHENE,BENZO(GHI)PERYLENE,BENZO[A]ANTHRACENE,BENZO[A]PYRENE,BETA-HEXACHLOROCYCLOHEXANE,BIS(2-ETHYLHEXYL)PHTHALATE,CHLOROMETHANE,CHROMIUM,CHRYSENE,CREOSOTE,DI-N-OCTYL PHTHALATE,DIBENZO(A,H)ANTHRACENE,DIBENZOFURAN,DIBUTYL PHTHALATE,DIOXINS (CHLORINATED DIBENZODIOXINS),FLUORANTHENE,HEPTACHLOR,HEPTACHLOR EPOXIDE,INDENO(1,2,3-CD)PYRENE,IRON,MANGANESE,MERCURY,NAPHTHALENE,NICKEL,PENTACHLOROPHENOL,PHENANTHRENE,PYRENE,TOLUENE,VANADIUM, METAL AND/OR ALLOY,XYLENE (MIXED ISOMERS)",1996,408848.0,2356.0,1171.0,1185.0,45.0,29.0,16.0,454.7
GA,MITCHELL,MP,401395,1998-03-06,50.0,"1,2-DIHYDROACENAPHTHYLENE,2,3,7,8-TETRACHLORODIBENZO-p-DIOXIN (TCDD) TOXICITY EQUIVALENTS (TEq),2,4-DIMETHYLPHENOL,2-METHYLNAPHTHALENE,2-METHYLPHENOL (O-CRESOL),9H-CARBAZOLE,9H-FLUORENE,ARSENIC,BENZENE,BENZO(B)FLUORANTHENE,BENZO(K)FLUORANTHENE,BENZO[A]ANTHRACENE,BENZO[A]PYRENE,CHRYSENE,CREOSOTE,DIBENZOFURAN,ETHYLBENZENE,HEPTACHLOR EPOXIDE,INDENO(1,2,3-CD)PYRENE,MANGANESE,NAPHTHALENE,NICKEL,PENTACHLOROPHENOL,PHENANTHRENE,POLYCYCLIC AROMATIC HYDROCARBONS (PAHS)",1998,112957.0,646.0,321.0,325.0,,,,475.9
IA,POLK,OT,703065,2001-09-13,50.0,"ARSENIC,BARIUM,BIS(2-ETHYLHEXYL)PHTHALATE,CHLOROETHENE (VINYL CHLORIDE),CIS-1,2-DICHLOROETHENE,MANGANESE,TETRACHLOROETHENE,TRANS-1,2-DICHLOROETHENE,TRICHLOROETHENE",2001,2427089.0,12170.0,6163.0,6007.0,,,,476.4
ID,BENEWAH,MP,1002095,2000-12-01,50.0,"1,2-DIHYDROACENAPHTHYLENE,1,2-DIMETHYLBENZENE (O-XYLENE),2,4-DIMETHYLPHENOL,2-METHYLPHENOL (O-CRESOL),4-METHYLPHENOL (P-CRESOL),9H-CARBAZOLE,9H-FLUORENE,ANTHRACENE,BENZENE,BENZO(B)FLUORANTHENE,BENZO(K)FLUORANTHENE,BENZO[A]ANTHRACENE,BENZO[A]PYRENE,BIS(2-ETHYLHEXYL)PHTHALATE,BROMOMETHANE,CHRYSENE,DIBENZO(A,H)ANTHRACENE,DIBENZOFURAN,ETHYLBENZENE,FLUORANTHENE,INDENO(1,2,3-CD)PYRENE,NAPHTHALENE,PYRENE,STYRENE,TOLUENE,XYLENE (MIXED ISOMERS)",2000,45724.0,299.0,131.0,168.0,,,,420.6
ID,VALLEY,MI,1000236,2001-09-13,50.0,ARSENIC,2001,55427.0,379.0,148.0,231.0,,,,424.5
IL,BUREAU,MP; MP; MP,500396,1997-04-01,70.70999908,"ARSENIC,BERYLLIUM,CADMIUM,CHROMIUM,COBALT,COPPER,LEAD,MANGANESE,MERCURY,NICKEL,SELENIUM,SILVER,VANADIUM, METAL AND/OR ALLOY,ZINC",1997,169190.0,1203.0,558.0,645.0,36.0,16.0,20.0,502.3
IL,CLINTON,RE,500350,1996-06-17,70.70999908,"LEAD,METALS",1996,189708.0,1082.0,535.0,547.0,,,,466.9
IL,LA SALLE,MP,507364,2001-06-14,50.0,"ALUMINUM,ANTIMONY,AROCLOR 1248,AROCLOR 1254,AROCLOR 1260,ARSENIC,ASBESTOS,BARIUM,BENZO(B)FLUORANTHENE,BENZO(K)FLUORANTHENE,BENZO[A]ANTHRACENE,BENZO[A]PYRENE,CADMIUM,CHROMIUM(VI),COBALT,COPPER,CYANIDE,DIBENZO(A,H)ANTHRACENE,HEXACHLOROBENZENE,INDENO(1,2,3-CD)PYRENE,IRON,LEAD,MANGANESE,MERCURY,METALS,SEMI-VOLATILE ORGANIC COMPOUNDS (SVOC),THALLIUM,TRICHLOROETHENE,VANADIUM,VOC,ZINC",2001,544990.0,3732.0,1771.0,1961.0,,,,497.2
IL,ST. CLAIR,WM,500047,2001-09-13,50.0,"(4-CHLORO-2-METHYLPHENOXY)ACETIC ACID,1,2,4-TRICHLOROBENZENE,1,2-DICHLOROETHANE,1,2-DICHLOROETHENE (CIS AND TRANS MIXTURE),1,4-DICHLOROBENZENE,2,4-DICHLOROPHENOL,2-METHYLNAPHTHALENE,4-CHLOROANILINE,ARSENIC,BENZENE,BENZO(B)FLUORANTHENE,BENZO(K)FLUORANTHENE,BENZO[A]PYRENE,CADMIUM,CHLORINATED DIOXINS AND FURANS,CHLOROBENZENE,CHLOROFORM,CHLOROMETHANE,DIBENZO(A,H)ANTHRACENE,DIELDRIN,LEAD,MANGANESE,NAPHTHALENE,P,P'-DDT,POLYCHLORINATED BIPHENYLS (PCBs),PYRENE,TETRACHLOROETHENE,TOLUENE,TRICHLOROETHENE,XYLENE (MIXED ISOMERS)",2001,1305929.0,7452.0,3729.0,3723.0,,,,467.2
IL,ST. CLAIR,WM,500753,2001-09-13,50.0,"2,3,7,8-TETRACHLORODIBENZO-p-DIOXIN (TCDD),ANTIMONY,BARIUM,BENZENE,CHLOROBENZENE,CHLOROFORM,DIELDRIN,MANGANESE,NAPHTHALENE,P,P'-DDD,P,P'-DDT,PHOSPHORUS,POLYCHLORINATED BIPHENYLS (PCBs)",2001,1305929.0,7452.0,3729.0,3723.0,,,,467.2
IN,LA PORTE,RE,501297,1997-09-25,58.90999985,"1,1,1-TRICHLOROETHANE,1,4-DIOXANE,ALPHA-HEXACHLOROCYCLOHEXANE,ANTIMONY,ARSENIC,BENZENE,BETA-HEXACHLOROCYCLOHEXANE,BIS(2-CHLOROETHYL)ETHER,BIS(2-ETHYLHEXYL)PHTHALATE,CHLORDANE,CHLOROBENZENE,CHLOROETHENE (VINYL CHLORIDE),CIS-1,2-DICHLOROETHENE,DICHLOROMETHANE (METHYLENE CHLORIDE),DIELDRIN,IRON,LEAD,P,P'-DDT,PENTACHLOROPHENOL,POLYCHLORINATED BIPHENYLS (PCBs),TETRAHYDROFURAN,THALLIUM,TOLUENE,TRICHLOROETHENE",1997,555454.0,3327.0,1566.0,1761.0,58.0,30.0,28.0,482.1
KS,MORRIS,MP; MP; MP,703044,2000-07-27,50.0,TRICHLOROETHENE,2000,,,,,,,,
LA,CAMERON,MP,604848,2000-05-11,48.54999924,"ARSENIC,BENZENE,BROMODICHLOROMETHANE,CARBON TETRACHLORIDE,CHLOROFORM,MANGANESE",2000,,,,,,,,
LA,EAST FELICIANA,MP,604527,1999-01-19,,"ARSENIC,ARSENIC ACID,BENZO(B)FLUORANTHENE,BENZO(K)FLUORANTHENE,BENZO[A]ANTHRACENE,BENZO[A]PYRENE,CHROMIUM,CHRYSENE,COPPER,DIBENZO(A,H)ANTHRACENE,FLUORANTHENE,INDENO(1,2,3-CD)PYRENE,MANGANESE,NAPHTHALENE",1999,97396.0,681.0,291.0,390.0,,,,517.7
LA,RAPIDES,MP,604348,1999-01-19,,"ANTIMONY,LEAD",1999,,,,,,,,
LA,ST. TAMMANY,MP,600653,1996-06-17,48.00999832,"BENZENE,BENZO(B)FLUORANTHENE,BENZO[A]PYRENE,DIBENZO(A,H)ANTHRACENE,ETHYLBENZENE,HEPTACHLOR EPOXIDE,TOLUENE,XYLENE (MIXED ISOMERS)",1996,,,,,,,,
LA,TANGIPAHOA,RE,600428,1998-07-28,50.0,LEAD,1998,,,,,,,,
LA,UNION,MP,604491,1999-10-22,50.0,"1,1'-BIPHENYL,1,2-DIHYDROACENAPHTHYLENE,2-METHYLNAPHTHALENE,4-METHYLPHENOL (P-CRESOL),9H-CARBAZOLE,9H-FLUORENE,ACENAPHTHYLENE,ANTHRACENE,ARSENIC,BENZENE,BENZO(B)FLUORANTHENE,BENZO(GHI)PERYLENE,BENZO(K)FLUORANTHENE,BENZO[A]ANTHRACENE,BENZO[A]PYRENE,BIS(2-ETHYLHEXYL)PHTHALATE,CHRYSENE,DIBENZO(A,H)ANTHRACENE,DIBENZOFURAN,FLUORANTHENE,INDENO(1,2,3-CD)PYRENE,NAPHTHALENE,PHENANTHRENE,PYRENE,THALLIUM",1999,,,,,,,,
MA,BERKSHIRE,MP,100460,1997-09-25,70.70999908,"1,2-DIPHENYLHYDRAZINE,1-CHLORO-2-ETHENOXYETHANE,BENZIDINE,POLYCHLORINATED BIPHENYLS (PCBs)",1997,642598.0,4119.0,2103.0,2016.0,,,,428.5
MA,BRISTOL,MP,102724,2001-09-13,56.59999847,"1,1-DICHLOROETHANE,1,2-DIHYDROACENAPHTHYLENE,1-PHENYLETHANONE,2,4,5-TRICHLOROPHENOL,2,4,6-TRICHLOROPHENOL,2,6-DINITROTOLUENE,2-METHYL-4,6-DINITROPHENOL (4,6-DINITRO-O-CRESOL),2-METHYLNAPHTHALENE,2-METHYLPHENOL (O-CRESOL),3,5,5-TRIMETHYLCYCLOHEX-2-EN-1-ONE,4-METHYLPHENOL (P-CRESOL),9H-CARBAZOLE,9H-FLUORENE,ACENAPHTHYLENE,ACETONE,ALDRIN,ALUMINUM,ANTHRACENE,ANTIMONY,ARSENIC,ATRAZINE,BARIUM,BENZO(B)FLUORANTHENE,BENZO(GHI)PERYLENE,BENZO(K)FLUORANTHENE,BENZO[A]ANTHRACENE,BENZO[A]PYRENE,BERYLLIUM,BIS(2-ETHYLHEXYL)PHTHALATE,CADMIUM,CARBON DISULFIDE,CHLOROETHENE (VINYL CHLORIDE),CHROMIUM,CHRYSENE,COBALT,COPPER,CUMENE,CYCLOHEXANE,DIBENZO(A,H)ANTHRACENE,DIBENZOFURAN,DIETHYL PHTHALATE,DIMETHYL PHTHALATE,DIOXINS (CHLORINATED DIBENZODIOXINS),ENDRIN,FLUORANTHENE,GAMMA-CHLORDANE,INDENO(1,2,3-CD)PYRENE,IRON,LEAD,MANGANESE,MERCURY,METHYL ACETATE,N,N-DIPROPYLNITROUS AMIDE,NAPHTHALENE,NICKEL,P,P'-DDD,P,P'-DDE,PENTACHLOROPHENOL,PHENANTHRENE,PYRENE,SELENIUM,SILVER,STYRENE,THALLIUM,TRICHLOROETHENE,VANADIUM, METAL AND/OR ALLOY,XYLENE (MIXED ISOMERS),ZINC",2001,2816503.0,17164.0,8344.0,8820.0,,,,473.1
MA,MIDDLESEX,MP; MP; MP,100550,2000-07-27,58.31000137,"1,1,2,2-TETRACHLOROETHANE,1,1-DICHLOROETHANE,1,4-DIOXANE,ARSENIC,ASBESTOS,BARIUM,BENZO(B)FLUORANTHENE,BENZO[A]ANTHRACENE,BENZO[A]PYRENE,BIS(2-ETHYLHEXYL)PHTHALATE,CHLOROETHENE (VINYL CHLORIDE),CHROMIUM,COBALT,COPPER,INDENO(1,2,3-CD)PYRENE,IRON,LEAD,MANGANESE,MERCURY,MOLYBDENUM,NITRATE,NITRITE,POLYCHLORINATED BIPHENYLS (PCBs),THORIUM-232,TRICHLOROETHENE,URANIUM,URANIUM-234,URANIUM-235,URANIUM-238",2000,8006222.0,40794.0,21324.0,19470.0,,,,434.0
MA,MIDDLESEX,WM,100686,2000-07-27,57.11999893,"1,1,2-TRICHLOROETHANE,1,1-DICHLOROETHANE,1,2,4-TRIMETHYLBENZENE,1,2-DICHLOROETHANE,1,2-DICHLOROETHENE (CIS AND TRANS MIXTURE),1,2-DICHLOROPROPANE,1,2-DIMETHYLBENZENE (O-XYLENE),1,3,5-TRIMETHYLBENZENE,1,4-DICHLOROBENZENE,1,4-DIOXANE,1-NITROSOPYRROLIDINE,2-BUTANONE (METHYL ETHYL KETONE),2-METHYLANILINE,2-METHYLPHENOL (O-CRESOL),2-PROPENENITRILE (ACRYLONITRILE),4-METHYL-2-PENTANONE (METHYL ISOBUTYL KETONE),4-METHYLPHENOL (P-CRESOL),ACETONE,ALPHA-HEXACHLOROCYCLOHEXANE,ALUMINUM,ANTIMONY,AROCLOR 1254,ARSENIC,BARIUM,BENZENE,BENZO(B)FLUORANTHENE,BENZO(K)FLUORANTHENE,BENZOIC ACID,BENZO[A]ANTHRACENE,BENZO[A]PYRENE,BERYLLIUM,BIS(2-ETHYLHEXYL)PHTHALATE,CADMIUM,CARBON DISULFIDE,CARBON TETRACHLORIDE,CHLOROETHANE,CHLOROETHENE (VINYL CHLORIDE),CHLOROFORM,CHROMIUM,CIS-1,2-DICHLOROETHENE,COPPER,DI-N-OCTYL PHTHALATE,DIBENZO(A,H)ANTHRACENE,DICHLOROMETHANE (METHYLENE CHLORIDE),ETHYLBENZENE,INDENO(1,2,3-CD)PYRENE,IRON,LEAD,MANGANESE,MERCURY,N,N-DIBUTYLNITROUS AMIDE,NAPHTHALENE,NICKEL,P,P'-DDT,PHENOL,PROPYLBENZENE,PYRIDINE,SELENIUM,SILVER,TETRACHLOROETHENE,TETRAHYDROFURAN,THALLIUM,TOLUENE,TRICHLOROETHENE,XYLENE (MIXED ISOMERS),ZINC",2000,8006222.0,40794.0,21324.0,19470.0,,,,434.0
MD,ANNE ARUNDEL,MP,304341,2001-09-13,50.0,"2,3,7,8-TETRACHLORODIBENZO-p-DIOXIN (TCDD),2-METHYLNAPHTHALENE,ALPHA-CHLORDANE,ANTIMONY,AROCLOR 1254,AROCLOR 1260,ARSENIC,BARIUM,BENZENE,BENZO(B)FLUORANTHENE,BENZO(GHI)PERYLENE,BENZO[A]ANTHRACENE,BENZO[A]PYRENE,CADMIUM,CHLOROFORM,CHROMIUM,CHRYSENE,COPPER,DIBENZO(A,H)ANTHRACENE,DIELDRIN,ENDRIN,FLUORANTHENE,GAMMA-CHLORDANE,INDENO(1,2,3-CD)PYRENE,IRON,LEAD,MANGANESE,MERCURY,NICKEL,P,P'-DDD,P,P'-DDE,P,P'-DDT,PHENANTHRENE,POLYCHLORINATED BIPHENYLS (PCBs),PYRENE,SELENIUM,SILVER,VANADIUM,ZINC",2001,2877106.0,15637.0,7814.0,7823.0,,,,462.8
MD,ANNE ARUNDEL,WM,300435,1997-04-01,51.43999863,"1,1-DICHLOROETHENE,1,2-DIHYDROACENAPHTHYLENE,1-METHYLNAPHTHALENE,1-PHENYLETHANONE,2,3,7,8-TETRACHLORODIBENZO-p-DIOXIN (TCDD),2,4,6-TRINITROTOLUENE,2-AMINO-4,6-DINITROTOLUENE,4-AMINO-2,6-DINITROTOLUENE,9H-FLUORENE,ACENAPHTHYLENE,ALPHA-CHLORDANE,ALUMINUM,ANTHRACENE,ARSENIC,BENZENE,BENZO(B)FLUORANTHENE,BENZO(GHI)PERYLENE,BENZO(K)FLUORANTHENE,BENZO[A]ANTHRACENE,BENZO[A]PYRENE,BERYLLIUM,BIS(2-ETHYLHEXYL)PHTHALATE,CADMIUM,CHLORDANE,CHLOROETHENE (VINYL CHLORIDE),CHLOROFORM,CHROMIUM,CHRYSENE,CIS-1,2-DICHLOROETHENE,COBALT,COPPER,DIBENZO(A,H)ANTHRACENE,FLUORANTHENE,GAMMA-HEXACHLOROCYCLOHEXANE (LINDANE),HEPTACHLOR,HEPTACHLOR EPOXIDE,HEXAHYDRO-1,3,5-TRINITRO-1,3,5-TRIAZINE (RDX),INDENO(1,2,3-CD)PYRENE,IRON,LEAD,MANGANESE,MERCURY,METALS,METHANE,NAPHTHALENE,NITRATE,PHENANTHRENE,PYRENE,SELENIUM,TETRACHLOROETHENE,THALLIUM,TRICHLOROETHENE,UNEXPLODED ORDNANCE (UXO),VANADIUM,ZINC",1997,2800401.0,14483.0,7314.0,7169.0,295.0,155.0,140.0,465.5
MD,BALTIMORE,WM; WM,300338,2003-04-30,50.0,"ANTIMONY,ARSENIC,BARIUM,BENZENE,BENZO[A]ANTHRACENE,BENZO[A]PYRENE,CADMIUM,CHLOROBENZENE,CHLOROETHENE (VINYL CHLORIDE),CHROMIUM,ENDRIN,LEAD,NITRITE,POLYCHLORINATED BIPHENYLS (PCBs),POLYCYCLIC AROMATIC HYDROCARBONS (PAHS),POLYCYCLIC AROMATIC HYDROCARBONS, HIGH MOLECULAR WEIGHT (HPAHS),SELENIUM,THALLIUM,TRICHLOROETHENE",2003,,,,,,,,
MD,PRINCE GEORGE'S,OT,300420,1998-07-28,50.0,"1,2,3-TRIMETHYLBENZENE,1,2,4-TRIMETHYLBENZENE,1,2-DIBROMOETHANE,1,3,5-TRIMETHYLBENZENE,1,3-DIMETHYLBENZENE (M-XYLENE),1,4-DICHLOROBENZENE,1,4-DIMETHYLBENZENE (P-XYLENE),2-METHOXY-2-METHYLPROPANE (MTBE),ALUMINUM,ANTIMONY,AROCLOR 1242,AROCLOR 1254,ARSENIC,BENZENE,BENZO(B)FLUORANTHENE,BENZO[A]ANTHRACENE,BENZO[A]PYRENE,BIS(2-CHLOROETHYL)ETHER,BROMOCHLOROMETHANE,CADMIUM,CARBON TETRACHLORIDE,CHLOROBENZENE,CHLOROETHENE (VINYL CHLORIDE),CHLOROFORM,CHROMIUM,CIS-1,2-DICHLOROETHENE,DIBENZO(A,H)ANTHRACENE,DIBENZOFURAN,DICHLOROMETHANE (METHYLENE CHLORIDE),DIELDRIN,DIOXINS AND DIBENZOFURANS,ETHYLBENZENE,GAMMA-HEXACHLOROCYCLOHEXANE (LINDANE),HEPTACHLOR EPOXIDE,INDENO(1,2,3-CD)PYRENE,IRON,LEAD,MANGANESE,MERCURY,NAPHTHALENE,PENTACHLOROPHENOL,SILVER,TETRACHLOROETHENE,THALLIUM,TOLUENE,TOTAL PETROLEUM HYDROCARBONS (TPH),TRICHLOROETHENE,TRIMETHYLBENZENE (MIXED ISOMERS),VANADIUM, METAL AND/OR ALLOY,XYLENE (MIXED ISOMERS)",1998,4511817.0,19190.0,9983.0,9207.0,742.0,405.0,337.0,409.8
MD,PRINCE GEORGE'S,WM,304462,1998-07-28,50.15000153,"1,4-DICHLOROBENZENE,2-METHYLNAPHTHALENE,CHLOROETHENE (VINYL CHLORIDE),CIS-1,2-DICHLOROETHENE,IRON,MANGANESE,NAPHTHALENE,POLYCHLORINATED BIPHENYLS (PCBs),TETRACHLOROETHENE,TRICHLOROETHENE",1998,4511817.0,19190.0,9983.0,9207.0,742.0,405.0,337.0,409.8
MD,WASHINGTON,MP,303260,1996-06-17,50.0,"1,2,4-TRICHLOROBENZENE,1,2-DICHLOROETHANE,1,4-DICHLOROBENZENE,ALDRIN,ALPHA-CHLORDANE,ALPHA-HEXACHLOROCYCLOHEXANE,ARSENIC,ATRAZINE,BENZO[A]PYRENE,BETA-HEXACHLOROCYCLOHEXANE,CHLORDANE,DDT AND METABOLITES,DELTA-HEXACHLOROCYCLOHEXANE,DIELDRIN,DIPHENAMID,GAMMA-CHLORDANE,GAMMA-HEXACHLOROCYCLOHEXANE (LINDANE),HEPTACHLOR,HEPTACHLOR EPOXIDE,P,P'-DDD,P,P'-DDT,TETRACHLOROETHENE,THALLIUM,TOXAPHENE",1996,746392.0,4222.0,2166.0,2056.0,60.0,37.0,23.0,468.2
ME,HANCOCK,MI,101028,2001-09-13,50.0,"AROCLOR 1242,AROCLOR 1248,ARSENIC,CADMIUM,COPPER,LEAD,MANGANESE,THALLIUM,ZINC",2001,274159.0,2269.0,1047.0,1222.0,,,,507.8
ME,PENOBSCOT,MP,101043,1999-04-23,70.70999908,"1,2,4-TRICHLOROBENZENE,1,2-DICHLOROBENZENE,1,3-DICHLOROBENZENE,1,4-DICHLOROBENZENE,ALUMINUM,ANTIMONY,AROCLOR 1254,ARSENIC,BENZENE,CADMIUM,CHLOROBENZENE,CHROMIUM,COPPER,DIELDRIN,DIOXINS AND DIBENZOFURANS,LEAD,MANGANESE,P,P'-DDD,P,P'-DDE,POLYCHLORINATED BIPHENYLS (PCBs),SELENIUM,THALLIUM,VANADIUM,ZINC",1999,759925.0,5198.0,2551.0,2647.0,42.0,21.0,21.0,520.1
MN,ANOKA,OT,506449,1998-09-29,50.0,TRICHLOROETHENE,1998,,,,,,,,
MO,CLAY,MP,702515,1999-01-19,50.0,"2,4,5-TRICHLOROPHENOL,2,4,6-TRICHLOROPHENOL,2,4-DICHLOROPHENOL,ARSENIC,PENTACHLOROPHENOL",1999,1195639.0,6049.0,3144.0,2905.0,180.0,114.0,66.0,462.6
MO,FRANKLIN,OT,700020,2001-09-13,50.0,TRICHLOROETHENE,2001,518143.0,3371.0,1667.0,1704.0,,,,493.5
MO,FRANKLIN,OT,702089,2000-07-27,50.0,"1,1-DICHLOROETHENE,1,2-DICHLOROETHENE (CIS AND TRANS MIXTURE),ACETONE,ANTIMONY,ARSENIC,BENZENE,BENZO(B)FLUORANTHENE,BENZO[A]ANTHRACENE,BENZO[A]PYRENE,BIS(2-ETHYLHEXYL)PHTHALATE,CARBON TETRACHLORIDE,CHLOROETHENE (VINYL CHLORIDE),CHLOROFORM,CIS-1,2-DICHLOROETHENE,INDENO(1,2,3-CD)PYRENE,MANGANESE,MERCURY,NITRATE,TETRACHLOROETHENE,TOLUENE,TRANS-1,2-DICHLOROETHENE,TRICHLOROETHENE",2000,515939.0,3278.0,1640.0,1638.0,,,,491.0
MO,MADISON,MI,701102,2003-04-30,58.40999984999999,"ALUMINUM,ARSENIC,CADMIUM,COBALT,COPPER,IRON,LEAD,MANGANESE,NICKEL,VANADIUM,ZINC",2003,,,,,,,,
MO,NEWTON,MI; OT,701651,2003-04-30,50.0,"CADMIUM,LEAD,ZINC",2003,,,,,,,,
MO,NEWTON,MP,702514,1999-01-19,50.0,"1,2-DICHLOROETHANE,CADMIUM,CHLOROETHENE (VINYL CHLORIDE),CIS-1,2-DICHLOROETHENE,LEAD,TRANS-1,2-DICHLOROETHENE,TRICHLOROETHENE,ZINC",1999,290792.0,1542.0,747.0,795.0,,,,409.0
MO,NEWTON,MP,702918,1999-01-19,50.0,"TRICHLOROETHENE,VOC",1999,290792.0,1542.0,747.0,795.0,,,,409.0
MS,LAMAR,MP,404172,2000-05-11,48.56999969,"2,3,7,8-TETRACHLORODIBENZO-p-DIOXIN (TCDD) TOXICITY EQUIVALENTS (TEq),PENTACHLOROPHENOL",2000,310335.0,1490.0,703.0,787.0,,,,450.2
MS,WINSTON,MP; OT,402260,2001-06-14,62.20000076,"1,2-DIHYDROACENAPHTHYLENE,2,3,7,8-TETRACHLORODIBENZO-p-DIOXIN (TCDD) TOXICITY EQUIVALENTS (TEq),2,4-DIMETHYLPHENOL,2-METHYLNAPHTHALENE,9H-CARBAZOLE,9H-FLUORENE,BARIUM,BENZENE,BENZO(B)FLUORANTHENE,BENZO(K)FLUORANTHENE,BENZO[A]ANTHRACENE,BENZO[A]PYRENE,BENZO[A]PYRENE EQUIVALENTS (BaPEq),BIS(2-ETHYLHEXYL)PHTHALATE,CARCINOGENIC POLYCYCLIC AROMATIC HYDROCARBONS (cPAH),CHROMIUM,CHRYSENE,CREOSOTE,DIBENZOFURAN,ETHYLBENZENE,FLUORANTHENE,INDENO(1,2,3-CD)PYRENE,IRON,MANGANESE,NAPHTHALENE,NICKEL,PHENANTHRENE,POLYCYCLIC AROMATIC HYDROCARBONS (PAHS),PYRENE,TOLUENE,XYLENE (MIXED ISOMERS)",2001,90581.0,552.0,279.0,273.0,,,,426.6
MT,CASCADE,MI,801208,2000-12-01,50.0,"CADMIUM,COPPER,LEAD,ZINC",2000,408492.0,2243.0,1086.0,1157.0,,,,420.3
MT,CASCADE,MI,801507,2000-12-01,50.0,"ARSENIC,CADMIUM,COPPER,HALOGENATED HYDROCARBONS,HEAVY METALS,LEAD,NITRIC ACID,POLYCHLORINATED BIPHENYLS (PCBs),ZINC",2000,408492.0,2243.0,1086.0,1157.0,,,,420.3
MT,JEFFERSON,MI,801057,1999-07-22,61.150001530000004,"ALUMINUM,ANTIMONY,ARSENIC,CADMIUM,COPPER,IRON,LEAD,MANGANESE,MERCURY,SELENIUM,SILVER,THALLIUM,ZINC",1999,58868.0,428.0,188.0,240.0,,,,488.4
MT,LEWIS AND CLARK,MI,801699,1999-07-22,50.0,"ALUMINUM,ARSENIC,CADMIUM,COPPER,HEAVY METALS,IRON,LEAD,MANGANESE,MERCURY,ZINC",1999,335294.0,2136.0,1019.0,1117.0,29.0,,,485.9
MT,LINCOLN,MI,801744,2002-02-26,,"ASBESTOS,PENTACHLOROPHENOL",2002,98336.0,837.0,351.0,486.0,,,,468.1
MT,YELLOWSTONE,OT,801709,2000-05-11,45.68999863,"CHLOROETHENE (VINYL CHLORIDE),CIS-1,2-DICHLOROETHENE,TETRACHLOROETHENE,TRICHLOROETHENE",2000,795616.0,5222.0,2587.0,2635.0,,,,533.2
NC,GASTON,OT,405489,1998-07-28,33.5,"1,1,1,2-TETRACHLOROETHANE,1,1,1-TRICHLOROETHANE,1,1-DICHLOROETHENE,2-METHOXY-2-METHYLPROPANE (MTBE),ACETONE,ALUMINUM,BARIUM,BROMODICHLOROMETHANE,CALCIUM,CHLOROFORM,IRON,MAGNESIUM,MANGANESE,POTASSIUM,SODIUM,STRONTIUM,TETRACHLOROETHENE,TRICHLOROETHENE,ZINC",1998,1069307.0,6280.0,3138.0,3142.0,84.0,47.0,37.0,487.2
NC,GASTON,OT,405619,1999-04-23,50.0,"1,1-DICHLOROETHENE,1,4-DICHLOROBENZENE,ALPHA-CHLORDANE,ALUMINUM,BENZO[A]ANTHRACENE,BENZO[A]PYRENE,BIS(2-ETHYLHEXYL)PHTHALATE,CADMIUM,CHLOROFORM,CHLOROMETHANE,CHROMIUM,CIS-1,2-DICHLOROETHENE,DIBENZO(A,H)ANTHRACENE,GAMMA-CHLORDANE,HEPTACHLOR EPOXIDE,INDENO(1,2,3-CD)PYRENE,LEAD,MANGANESE,TETRACHLOROETHENE,TRICHLOROETHENE,TRICHLOROFLUOROMETHANE,VANADIUM,ZINC",1999,1082372.0,6420.0,3205.0,3215.0,102.0,57.0,45.0,488.1
NC,HAYWOOD,OT,406989,2001-01-11,70.70999908,"ALDRIN,ALPHA-HEXACHLOROCYCLOHEXANE,ALUMINUM,ARSENIC,BARIUM,CHROMIUM,COPPER,DIELDRIN,ENDRIN,ENDRIN KETONE,GAMMA-HEXACHLOROCYCLOHEXANE (LINDANE),IRON,LEAD,MANGANESE,P,P'-DDD,P,P'-DDE,P,P'-DDT,VANADIUM",2001,309312.0,2559.0,1219.0,1340.0,,,,506.3
NC,MECKLENBURG,OT,406303,2003-04-30,40.43000031,"1,1-DICHLOROETHENE,1,2-DICHLOROETHANE,BENZENE,BROMODICHLOROMETHANE,CHLOROETHENE (VINYL CHLORIDE),CHLOROFORM,CIS-1,2-DICHLOROETHENE,IRON,MANGANESE,TETRACHLOROETHENE,TOXAPHENE,TRANS-1,2-DICHLOROETHENE,TRICHLOROETHENE",2003,,,,,,,,
NC,NEW HANOVER,MP,405590,2001-09-13,32.13999939,"2,3,7,8-TETRACHLORODIBENZO-p-DIOXIN (TCDD),2,3,7,8-TETRACHLORODIBENZO-p-DIOXIN (TCDD) TOXICITY EQUIVALENTS (TEq),2-BUTANONE (METHYL ETHYL KETONE),3-METHYLPHENOL (M-CRESOL),ALPHA-CHLORDANE,ALUMINUM,ANTIMONY,ARSENIC,BENZO(B)FLUORANTHENE,BENZO[A]ANTHRACENE,BENZO[A]PYRENE,BERYLLIUM,CHROMIUM,COPPER,DIBENZO(A,H)ANTHRACENE,FLUORANTHENE,HEPTACHLOR,INDENO(1,2,3-CD)PYRENE,IRON,LEAD,METHYLCYCLOHEXANE,NICKEL,PHENANTHRENE,POLYCYCLIC AROMATIC HYDROCARBONS (PAHS),SILVER,THALLIUM,TOLUENE,ZINC",2001,1157239.0,6852.0,3396.0,3456.0,,,,464.0
NC,WAKE,MP,406082,2002-09-05,50.0,"1,2,4-TRICHLOROBENZENE,1,4-DICHLOROBENZENE,2,3,7,8-TETRACHLORODIBENZO-p-DIOXIN (TCDD) TOXICITY EQUIVALENTS (TEq),AROCLOR 1260,BENZENE,CHLOROBENZENE,POLYCHLORINATED BIPHENYLS (PCBs)",2002,5563237.0,25630.0,13195.0,12435.0,1044.0,606.0,438.0,457.5
NE,DOUGLAS,MI,703481,2002-02-26,50.0,LEAD,2002,2895026.0,14712.0,7172.0,7540.0,718.0,380.0,338.0,485.5
NH,CHESHIRE,MP; MP; WM,101127,2003-04-30,50.0,"1,2,4-TRIMETHYLBENZENE,1,3,5-TRIMETHYLBENZENE,1,4-DIOXANE,2-BUTANONE (METHYL ETHYL KETONE),ARSENIC,BENZENE,BENZO(B)FLUORANTHENE,BENZO[A]PYRENE,BIS(2-ETHYLHEXYL)PHTHALATE,BUTYLBENZENE,CHLOROETHENE (VINYL CHLORIDE),CIS-1,2-DICHLOROETHENE,DIBENZO(A,H)ANTHRACENE,FLAMMABLES,MANGANESE,NAPHTHALENE,PENTACHLOROPHENOL,PROPYLBENZENE,TETRACHLOROETHENE,TETRAHYDROFURAN,TOLUENE,TRICHLOROETHENE,VOC,p-CYMENE",2003,,,,,,,,
NH,ROCKINGHAM,RE,102723,1996-06-17,70.70999908,"1,1,1-TRICHLOROETHANE,1,1,2,2-TETRACHLOROETHANE,1,1-DICHLOROETHANE,1,1-DICHLOROETHENE,1,2,4-TRIMETHYLBENZENE,1,2-DICHLOROETHANE,1,3,5-TRIMETHYLBENZENE,2-METHYLNAPHTHALENE,ALDRIN,ALPHA-HEXACHLOROCYCLOHEXANE,ANTIMONY,ARSENIC,BENZENE,BENZO[A]ANTHRACENE,BENZO[A]PYRENE,BIS(2-ETHYLHEXYL)PHTHALATE,BUTAN-2-YLBENZENE,BUTYLBENZENE,CADMIUM,CHLOROETHENE (VINYL CHLORIDE),CHROMIUM,CIS-1,2-DICHLOROETHENE,DIBENZO(A,H)ANTHRACENE,DICHLOROMETHANE (METHYLENE CHLORIDE),DIELDRIN,ETHYLBENZENE,GAMMA-HEXACHLOROCYCLOHEXANE (LINDANE),HEPTACHLOR,HEPTACHLOR EPOXIDE,INDENO(1,2,3-CD)PYRENE,IRON,LEAD,MANGANESE,MERCURY,MOLYBDENUM,NAPHTHALENE,NICKEL,POLYCHLORINATED BIPHENYLS (PCBs),PROPYLBENZENE,TETRACHLOROETHENE,TOLUENE,TOTAL PETROLEUM HYDROCARBONS (TPH),TRICHLOROETHENE",1996,1494573.0,9401.0,4565.0,4836.0,56.0,29.0,27.0,513.0
NJ,ATLANTIC,WM,200986,1999-04-23,50.0,"1,1,1-TRICHLOROETHANE,1,1,2-TRICHLOROETHANE,1,1-DICHLOROETHANE,1,1-DICHLOROETHENE,1,2,4-TRICHLOROBENZENE,1,2-DIBROMO-3-CHLOROPROPANE,1,2-DIBROMOETHANE,1,2-DICHLOROBENZENE,1,2-DICHLOROETHANE,1,2-DICHLOROPROPANE,1,3-DICHLOROBENZENE,1,4-DICHLOROBENZENE,2-METHOXY-2-METHYLPROPANE (MTBE),4-METHYLPHENOL (P-CRESOL),ALUMINUM,ANTIMONY,AROCLOR 1016,AROCLOR 1221,AROCLOR 1232,AROCLOR 1242,AROCLOR 1248,AROCLOR 1254,AROCLOR 1260,ARSENIC,ATRAZINE,BARIUM,BENZENE,BENZO[A]PYRENE,BERYLLIUM,BIS(2-ETHYLHEXYL)PHTHALATE,CARBON TETRACHLORIDE,CHLOROBENZENE,CHLOROETHENE (VINYL CHLORIDE),CHLOROFORM,CHROMIUM,CIS-1,2-DICHLOROETHENE,COPPER,CYANIDE,DICHLOROMETHANE (METHYLENE CHLORIDE),ENDRIN,ETHYLBENZENE,GAMMA-HEXACHLOROCYCLOHEXANE (LINDANE),HEPTACHLOR,HEPTACHLOR EPOXIDE,HEXACHLOROBENZENE,HEXACHLOROCYCLOPENTADIENE,HYDROGEN SULFIDE,IRON,LEAD,MANGANESE,MERCURY,METHOXYCHLOR,PENTACHLOROPHENOL,POLYCHLORINATED BIPHENYLS (PCBs),SELENIUM,STYRENE,TETRACHLOROETHENE,THALLIUM,TOLUENE,TOXAPHENE,TRANS-1,2-DICHLOROETHENE,TRICHLOROETHENE,VANADIUM, METAL AND/OR ALLOY,VOC,XYLENE (MIXED ISOMERS)",1999,1339435.0,8650.0,4267.0,4383.0,686.0,334.0,352.0,495.6
NJ,BERGEN,MP; MT; RE,200034,2001-01-11,50.0,"1,3 (OR 1,4)-DIMETHYLBENZENE (M (OR P)-XYLENE),2,4-DIMETHYLPHENOL,2-METHYLNAPHTHALENE,4-METHYLPHENOL (P-CRESOL),ACENAPHTHYLENE,ANTIMONY,AROCLOR 1242,AROCLOR 1260,ARSENIC,BENZENE,BENZO(B)FLUORANTHENE,BENZO(GHI)PERYLENE,BENZO(K)FLUORANTHENE,BENZO[A]ANTHRACENE,BENZO[A]PYRENE,CHRYSENE,COPPER,DIBENZO(A,H)ANTHRACENE,DIBENZ[A,J]ANTHRACENE,FLUORANTHENE,INDENO(1,2,3-CD)PYRENE,INORGANICS,IRON,MERCURY,METALS,NAPHTHALENE,POLYCHLORINATED BIPHENYLS (PCBs),POLYCYCLIC AROMATIC HYDROCARBONS (PAHS),PYRENE,TETRACHLOROETHENE,THALLIUM,TOLUENE,TRICHLOROETHENE,VANADIUM,VOC,XYLENE (MIXED ISOMERS)",2001,4656377.0,28392.0,14288.0,14104.0,,,,465.8
NJ,BURLINGTON,OT,201162,1999-07-22,47.20000076,"1,1-DICHLOROETHANE,1,2,4-TRIMETHYLBENZENE,1,2-DICHLOROETHANE,1,2-DICHLOROETHENE (CIS AND TRANS MIXTURE),1,2-DICHLOROPROPANE,1,2-DIHYDROACENAPHTHYLENE,1,4-DICHLOROBENZENE,2-BUTANONE (METHYL ETHYL KETONE),2-HEXANONE,2-METHOXY-2-METHYLPROPANE (MTBE),2-METHYLNAPHTHALENE,2-METHYLPHENOL (O-CRESOL),4-METHYL-2-PENTANONE (METHYL ISOBUTYL KETONE),4-METHYLPHENOL (P-CRESOL),9H-CARBAZOLE,9H-FLUORENE,ACETONE,ALUMINUM,ANTIMONY,ARSENIC,BARIUM,BENZENE,BENZO(B)FLUORANTHENE,BENZO(K)FLUORANTHENE,BENZO[A]ANTHRACENE,BENZO[A]PYRENE,BERYLLIUM,BIS(2-ETHYLHEXYL)PHTHALATE,CARBON DISULFIDE,CHLOROBENZENE,CHLOROETHENE (VINYL CHLORIDE),CHLOROFORM,CHROMIUM,CHRYSENE,CIS-1,2-DICHLOROETHENE,COBALT,COPPER,CUMENE,DIBENZO(A,H)ANTHRACENE,DIBENZOFURAN,DICHLORODIFLUOROMETHANE,DICHLOROMETHANE (METHYLENE CHLORIDE),DICHLOROMONOFLUOROMETHANE,DIETHYL PHTHALATE,ETHYLBENZENE,FLUORANTHENE,INDENO(1,2,3-CD)PYRENE,IRON,LEAD,MANGANESE,MERCURY,METHYLPHENOL (CRESOL MIXED ISOMERS),MOLYBDENUM,NAPHTHALENE,NICKEL,PENTACHLOROPHENOL,PHENANTHRENE,PHENOL,POLYCHLORINATED BIPHENYLS (PCBs),PYRENE,SELENIUM,SILVER,TETRACHLOROETHENE,THALLIUM,TOLUENE,TRANS-1,2-DICHLOROETHENE,TRICHLOROETHENE,VANADIUM,XYLENE (MIXED ISOMERS),ZINC",1999,2231327.0,15033.0,7466.0,7567.0,525.0,247.0,278.0,530.2
NJ,CAMDEN,OT,204096,1997-09-25,50.0,"ARSENIC,BENZO(B)FLUORANTHENE,BENZO(K)FLUORANTHENE,BENZO[A]ANTHRACENE,BENZO[A]PYRENE,CHROMIUM,CHROMIUM(VI),DIBENZO(A,H)ANTHRACENE,INDENO(1,2,3-CD)PYRENE",1997,2557088.0,15313.0,7806.0,7507.0,1015.0,557.0,458.0,519.9
NJ,CAMDEN,RE,200278,1999-04-23,50.0,"ARSENIC,BENZO[A]PYRENE,CHLOROETHENE (VINYL CHLORIDE)",1999,2535533.0,15894.0,8007.0,7887.0,1117.0,613.0,504.0,527.4
NJ,CAMDEN,RE,200280,1999-07-22,42.02999878,"1,1,2-TRICHLOROETHANE,1,2,4-TRICHLOROBENZENE,4-METHYLPHENOL (P-CRESOL),ANTIMONY,ARSENIC,BENZENE,CADMIUM,CHLOROETHENE (VINYL CHLORIDE),CIS-1,2-DICHLOROETHENE,ETHYLBENZENE,TETRACHLOROETHENE,TRICHLOROETHENE,XYLENE (MIXED ISOMERS)",1999,2535533.0,15894.0,8007.0,7887.0,1117.0,613.0,504.0,527.4
NJ,CAMDEN,WM,203909,1998-07-28,50.0,"ARSENIC,BENZO(B)FLUORANTHENE,BENZO(K)FLUORANTHENE,BENZO[A]ANTHRACENE,BENZO[A]PYRENE,DIBENZO(A,H)ANTHRACENE,INDENO(1,2,3-CD)PYRENE,LEAD",1998,2539884.0,15633.0,7938.0,7695.0,912.0,499.0,413.0,525.3
NJ,CAMDEN,WM,204003,1998-09-29,50.0,"ARSENIC,BENZO(B)FLUORANTHENE,BENZO(K)FLUORANTHENE,BENZO[A]ANTHRACENE,BENZO[A]PYRENE,DIBENZO(A,H)ANTHRACENE,INDENO(1,2,3-CD)PYRENE,LEAD",1998,2539884.0,15633.0,7938.0,7695.0,912.0,499.0,413.0,525.3
NJ,CUMBERLAND,OT; OT,204037,1999-07-22,30.299999239999995,"CIS-1,2-DICHLOROETHENE,TETRACHLOROETHENE,TRICHLOROETHENE",1999,766012.0,4437.0,2153.0,2284.0,603.0,321.0,282.0,503.6
NJ,HUDSON,MP,200146,2003-04-30,50.0,"1,1'-BIPHENYL,1,2,3-TRICHLOROBENZENE,1,2,4,5-TETRACHLOROBENZENE,1,2,4-TRICHLOROBENZENE,1,2-DICHLOROBENZENE,1,2-DIHYDROACENAPHTHYLENE,1,2-DIMETHYLBENZENE (O-XYLENE),1,3-DICHLOROBENZENE,1,4-DICHLOROBENZENE,2,3,7,8-TETRACHLORODIBENZO-p-DIOXIN (TCDD),2-METHYLNAPHTHALENE,ALUMINUM,ANTIMONY,AROCLOR 1248,AROCLOR 1254,AROCLOR 1260,ARSENIC,BARIUM,BENZENE,BENZO(B)FLUORANTHENE,BENZO[A]ANTHRACENE,BENZO[A]PYRENE,CADMIUM,CHLOROBENZENE,CHROMIUM,CHROMIUM(VI),COBALT,DIBENZO(A,H)ANTHRACENE,ETHYLBENZENE,HEXACHLOROBENZENE,INDENO(1,2,3-CD)PYRENE,IRON,LEAD,MANGANESE,MERCURY,NAPHTHALENE,NICKEL,THALLIUM,VANADIUM,XYLENE (MIXED ISOMERS),ZINC",2003,,,,,,,,
NJ,HUDSON,MP,200484,2000-07-27,30.0,"1,2,4-TRICHLOROBENZENE,1,2-DICHLOROBENZENE,1,2-DIHYDROACENAPHTHYLENE,1,2-DIMETHYLBENZENE (O-XYLENE),1,3 (OR 1,4)-DIMETHYLBENZENE (M (OR P)-XYLENE),1,4-DICHLOROBENZENE,2,3,7,8-TETRACHLORODIBENZO-p-DIOXIN (TCDD) TOXICITY EQUIVALENTS (TEq),2-METHYLNAPHTHALENE,9H-FLUORENE,ACENAPHTHYLENE,ACETONE,ALDRIN,ALUMINUM,ANTHRACENE,AROCLOR 1232,AROCLOR 1260,ARSENIC,BARIUM,BENZENE,BENZO(B)FLUORANTHENE,BENZO[A]ANTHRACENE,BENZO[A]PYRENE,BIS(2-ETHYLHEXYL)PHTHALATE,CHROMIUM,CHRYSENE,COPPER,CUMENE,CYCLOHEXANE,DIBENZOFURAN,DIBUTYL PHTHALATE,DIETHYL PHTHALATE,ETHYLBENZENE,FLUORANTHENE,IRON,LEAD,MANGANESE,MERCURY,NAPHTHALENE,NICKEL,PHENANTHRENE,POLYCHLORINATED BIPHENYLS (PCBs),PYRENE,TOLUENE,VANADIUM",2000,3352546.0,13645.0,7099.0,6546.0,,,,409.8
NJ,HUDSON,MP,204030,1996-12-23,,MERCURY,1996,3312628.0,12378.0,6417.0,5961.0,4357.0,2258.0,2099.0,399.1
NJ,MIDDLESEX,MP,201112,1997-09-25,50.27000045999999,"1,2,4-TRICHLOROBENZENE,2,3,7,8-TETRACHLORODIBENZO-p-DIOXIN (TCDD),2,3,7,8-TETRACHLORODIBENZO-p-DIOXIN (TCDD) TOXICITY EQUIVALENTS (TEq),ALDRIN,ALPHA-HEXACHLOROCYCLOHEXANE,ALUMINUM,ANTIMONY,AROCLOR 1232,AROCLOR 1242,AROCLOR 1248,AROCLOR 1254,AROCLOR 1260,ARSENIC,BARIUM,BENZO(B)FLUORANTHENE,BENZO(K)FLUORANTHENE,BENZO[A]ANTHRACENE,BENZO[A]PYRENE,BERYLLIUM,BETA-HEXACHLOROCYCLOHEXANE,BIS(2-ETHYLHEXYL)PHTHALATE,CALCIUM,CHLOROETHENE (VINYL CHLORIDE),CHROMIUM,CIS-1,2-DICHLOROETHENE,COBALT,COPPER,CYANIDE,DELTA-HEXACHLOROCYCLOHEXANE,DIBENZO(A,H)ANTHRACENE,DIELDRIN,ENDRIN ALDEHYDE,GAMMA-HEXACHLOROCYCLOHEXANE (LINDANE),HEPTACHLOR,HEPTACHLOR EPOXIDE,INDENO(1,2,3-CD)PYRENE,IRON,MAGNESIUM,MANGANESE,NAPHTHALENE,NICKEL,P,P'-DDE,P,P'-DDT,POLYCHLORINATED BIPHENYLS (PCBs),POTASSIUM,SELENIUM,SODIUM,TETRACHLOROETHENE,TRICHLOROETHENE,VANADIUM, METAL AND/OR ALLOY,ZINC",1997,4168397.0,21171.0,10884.0,10287.0,2293.0,1232.0,1061.0,458.7
NJ,MIDDLESEX,OT,202755,1998-09-29,50.0,"BENZO(B)FLUORANTHENE,BENZO[A]ANTHRACENE,BENZO[A]PYRENE,CARBON TETRACHLORIDE,CHLOROFORM,DIBENZO(A,H)ANTHRACENE,INDENO(1,2,3-CD)PYRENE,LEAD,RADIUM-226,THORIUM-230,TRICHLOROETHENE,URANIUM,URANIUM-234,URANIUM-235,URANIUM-238",1998,4125651.0,21489.0,11003.0,10486.0,2053.0,1086.0,967.0,461.2
NJ,MIDDLESEX,RE; RE; RE,201116,2001-09-13,50.0,"1,1,2,2-TETRACHLOROETHANE,1,1,2-TRICHLOROETHANE,1,2,4-TRICHLOROBENZENE,1,2-DICHLOROETHANE,1,4-DICHLOROBENZENE,2,3,7,8-TETRACHLORODIBENZO-p-DIOXIN (TCDD) TOXICITY EQUIVALENTS (TEq),ACID COMPOUNDS,ANTIMONY,AROCLOR 1242,AROCLOR 1248,AROCLOR 1254,AROCLOR 1260,ARSENIC,BENZENE,BENZO(B)FLUORANTHENE,BENZO[A]ANTHRACENE,BENZO[A]PYRENE,CHLOROETHENE (VINYL CHLORIDE),CIS-1,2-DICHLOROETHENE,COPPER,DIBENZO(A,H)ANTHRACENE,DICHLOROMETHANE (METHYLENE CHLORIDE),INDENO(1,2,3-CD)PYRENE,INORGANICS,IRON,MANGANESE,MERCURY,METALS,METHOXYCHLOR,POLYCHLORINATED BIPHENYLS (PCBs),POLYCYCLIC AROMATIC HYDROCARBONS (PAHS),SULFUR DIOXIDE,TETRACHLOROETHENE,TOLUENE,TRICHLOROETHENE,VOC",2001,4125077.0,22179.0,10969.0,11210.0,,,,453.2
NJ,MIDDLESEX,WM,204260,2001-09-13,50.0,POLYCHLORINATED BIPHENYLS (PCBs),2001,4125077.0,22179.0,10969.0,11210.0,,,,453.2
NJ,MONMOUTH,OT; OT,204241,2003-04-30,41.63000107,"CIS-1,2-DICHLOROETHENE,TETRACHLOROETHENE,TRICHLOROETHENE",2003,,,,,,,,
NJ,MONMOUTH,RE,203757,1997-09-25,50.0,"ALDRIN,ALUMINUM,ARSENIC,CADMIUM,CHLORDANE,CHLOROFORM,CHROMIUM,CHROMIUM(VI),COPPER,CYANIDE,DIELDRIN,HEPTACHLOR EPOXIDE,IRON,LEAD,MERCURY,NICKEL,P,P'-DDT,POLYCHLORINATED BIPHENYLS (PCBs),SELENIUM,SILVER,SODIUM CYANIDE,ZINC",1997,3140441.0,20275.0,10243.0,10032.0,946.0,506.0,440.0,517.6
NJ,SOMERSET,MP,204097,1998-07-28,50.0,"1,1'-BIPHENYL,1,2-DIHYDROACENAPHTHYLENE,2-METHYLNAPHTHALENE,9H-FLUORENE,ACENAPHTHYLENE,ANTHRACENE,BENZENE,BENZO(B)FLUORANTHENE,BENZO(GHI)PERYLENE,BENZO(K)FLUORANTHENE,BENZO[A]ANTHRACENE,BENZO[A]PYRENE,BENZO[A]PYRENE EQUIVALENTS (BaPEq),CARCINOGENIC POLYCYCLIC AROMATIC HYDROCARBONS (cPAH),CHRYSENE,DIBENZO(A,H)ANTHRACENE,DIBENZOFURAN,FLUORANTHENE,INDENO(1,2,3-CD)PYRENE,NAPHTHALENE,PHENANTHRENE,POLYCYCLIC AROMATIC HYDROCARBONS (PAHS),PYRENE",1998,1648740.0,9138.0,4794.0,4344.0,562.0,298.0,264.0,463.5
NJ,UNION,MP,200455,1997-09-25,50.0,"1,2,4-TRICHLOROBENZENE,1,2-DIBROMO-3-CHLOROPROPANE,1,2-DIBROMOETHANE,1,2-DICHLOROBENZENE,1,2-DIHYDROACENAPHTHYLENE,1,4-DICHLOROBENZENE,1-METHYLNAPHTHALENE,2,4-DICHLOROPHENOL,2,4-DINITROTOLUENE,2,6-DINITROTOLUENE,4-CHLOROANILINE,9H-CARBAZOLE,9H-FLUORENE,ACENAPHTHYLENE,ALUMINUM,ANILINE,ANTHRACENE,ANTIMONY,ARSENIC,BARIUM,BENZENE,BENZO(B)FLUORANTHENE,BENZO(K)FLUORANTHENE,BENZO[A]ANTHRACENE,BENZO[A]PYRENE EQUIVALENTS (BaPEq),BERYLLIUM,CADMIUM,CHLORDANE,CHLOROBENZENE,CHLOROETHENE (VINYL CHLORIDE),CHLOROFORM,CHROMIUM,CHRYSENE,COBALT,COPPER,DIBENZO(A,H)ANTHRACENE,DICHLOROMETHANE (METHYLENE CHLORIDE),ETHYLBENZENE,FLUORANTHENE,HEXACHLORO-1,3-BUTADIENE,HEXACHLOROBENZENE,INDENO(1,2,3-CD)PYRENE,IRON,LEAD,MANGANESE,MERCURY,NAPHTHALENE,NICKEL,NITROBENZENE,PENTACHLORODIBENZOFURAN (PeCDF),PENTACHLORODIBENZO[b,e][1,4]DIOXIN (PECDD) (MIXED ISOMERS),PENTACHLOROPHENOL,PHENANTHRENE,POLYCHLORINATED BIPHENYLS (PCBs),PYRENE,SELENIUM,SILVER,TETRACHLOROETHENE,TRICHLOROETHENE,VANADIUM,ZINC",1997,2768587.0,13863.0,7221.0,6642.0,2431.0,1294.0,1137.0,452.0
NM,BERNALILLO,OT,604068,1999-07-22,50.0,"CHLOROETHENE (VINYL CHLORIDE),CIS-1,2-DICHLOROETHENE,TETRACHLOROETHENE,TRANS-1,2-DICHLOROETHENE,TRICHLOROETHENE",1999,3386125.0,15375.0,8102.0,7273.0,5372.0,3016.0,2356.0,387.9
NM,CHAVES,OT; OT,605386,2001-09-13,50.0,"1,2-DICHLOROETHANE,1,3 (OR 1,4)-DIMETHYLBENZENE (M (OR P)-XYLENE),2-METHOXY-2-METHYLPROPANE (MTBE),2-METHYLNAPHTHALENE,ALUMINUM,ARSENIC,BENZENE,CIS-1,2-DICHLOROETHENE,ETHYLBENZENE,IRON,LEAD,MANGANESE,NAPHTHALENE,TETRACHLOROETHENE,TOLUENE,TRICHLOROETHENE,VANADIUM",2001,324560.0,1279.0,618.0,661.0,,,,339.7
NM,DONA ANA,OT,605116,2001-01-11,50.0,"2-METHOXY-2-METHYLPROPANE (MTBE),BENZENE,TETRACHLOROETHENE",2001,1088478.0,4983.0,2344.0,2639.0,,,,408.9
NM,RIO ARRIBA,OT,604299,1998-07-28,50.0,"TETRACHLOROETHENE,TRICHLOROETHENE",1998,197596.0,785.0,388.0,397.0,515.0,247.0,268.0,307.6
NY,CATTARAUGUS,MP,201887,1997-09-25,50.0,"ANTIMONY,ARSENIC,CARBON TETRACHLORIDE,CHLOROFORM,NAPHTHALENE",1997,392901.0,2647.0,1297.0,1350.0,,,,519.0
NY,CATTARAUGUS,WM,202124,1999-04-23,,"ANTIMONY,ARSENIC,BENZO(B)FLUORANTHENE,BIS(2-ETHYLHEXYL)PHTHALATE,CADMIUM,CHROMIUM,CHROMIUM(VI),IRON,MANGANESE,THALLIUM,TRICHLOROETHENE,ZINC",1999,388163.0,2604.0,1243.0,1361.0,16.0,,,500.6
NY,CAYUGA,OT,204289,2001-09-13,50.0,"CHLOROETHENE (VINYL CHLORIDE),CIS-1,2-DICHLOROETHENE,TRANS-1,2-DICHLOROETHENE,TRICHLOROETHENE,VOC",2001,384791.0,2773.0,1331.0,1442.0,,,,513.8
NY,DUTCHESS,MP,204269,2001-01-11,50.0,"CIS-1,2-DICHLOROETHENE,TETRACHLOROETHENE,TRICHLOROETHENE",2001,1467618.0,9066.0,4337.0,4729.0,,,,461.6
NY,GENESEE,OT,203481,1998-07-28,50.0,"1,1-DICHLOROETHENE,1,2-DICHLOROETHENE (CIS AND TRANS MIXTURE),CHLOROETHENE (VINYL CHLORIDE),CIS-1,2-DICHLOROETHENE,CYANIDE,TRANS-1,2-DICHLOROETHENE,TRICHLOROETHENE",1998,292172.0,1978.0,1005.0,973.0,26.0,,,508.9
NY,HERKIMER,MP,202360,1998-09-29,,"ALUMINUM,ANTIMONY,ARSENIC,CADMIUM,CHROMIUM,CHROMIUM(VI),COPPER,CYANIDE,LEAD,MANGANESE,MERCURY,NICKEL",1998,314574.0,2265.0,1098.0,1167.0,18.0,,,523.2
NY,JEFFERSON,OT; OT,204284,2001-09-13,49.0,"BENZO[A]ACEANTHRYLENE,BENZO[A]PYRENE,MANGANESE,TETRACHLOROETHENE,VANADIUM",2001,557272.0,3292.0,1553.0,1739.0,,,,562.7
NY,NASSAU,MP,203853,1997-09-25,33.08000183,"TETRACHLOROETHENE,TRICHLOROETHENE",1997,6797963.0,44015.0,22353.0,21662.0,3241.0,1795.0,1446.0,509.4
NY,NASSAU,MP,204218,1999-10-22,50.0,"ALDRIN,ALPHA-CHLORDANE,ALUMINUM,ANTIMONY,ARSENIC,BENZENE,BENZO(B)FLUORANTHENE,BENZO[A]ANTHRACENE,BENZO[A]PYRENE,BIS(2-ETHYLHEXYL)PHTHALATE,CADMIUM,CHLOROETHENE (VINYL CHLORIDE),CHROMIUM,CIS-1,2-DICHLOROETHENE,COBALT,COPPER,DIBENZO(A,H)ANTHRACENE,DIELDRIN,HEPTACHLOR,HEPTACHLOR EPOXIDE,INDENO(1,2,3-CD)PYRENE,IRON,LEAD,MANGANESE,P,P'-DDE,PENTACHLOROPHENOL,TETRACHLOROETHENE,THALLIUM,TRICHLOROETHENE,VANADIUM, METAL AND/OR ALLOY",1999,6780324.0,44454.0,22522.0,21932.0,2991.0,1656.0,1335.0,505.8
NY,NASSAU,OT,204234,2000-02-04,50.0,"1,1-DICHLOROETHENE,CARBON TETRACHLORIDE,CHLOROETHENE (VINYL CHLORIDE),CIS-1,2-DICHLOROETHENE,TETRACHLOROETHENE,TRICHLOROETHENE",2000,6781810.0,45300.0,22912.0,22388.0,,,,511.3
NY,NASSAU,OT; OT,204167,1999-01-19,35.75999832,"CIS-1,2-DICHLOROETHENE,IRON,MANGANESE,TETRACHLOROETHENE,TRICHLOROETHENE",1999,6780324.0,44454.0,22522.0,21932.0,2991.0,1656.0,1335.0,505.8
NY,ORANGE,RE,204175,2000-12-01,50.0,"AROCLOR 1242,AROCLOR 1248,AROCLOR 1254,AROCLOR 1260,ARSENIC,BENZENE,BENZO(B)FLUORANTHENE,BENZO[A]ANTHRACENE,BENZO[A]PYRENE,COPPER,DIBENZO(A,H)ANTHRACENE,INDENO(1,2,3-CD)PYRENE,IRON,LEAD",2000,1901062.0,10134.0,5091.0,5043.0,,,,484.5
NY,SUFFOLK,MP,201335,1999-10-22,50.0,"AROCLOR 1254,AROCLOR 1260,ASBESTOS,CHLOROETHENE (VINYL CHLORIDE),CIS-1,2-DICHLOROETHENE,POLYCHLORINATED BIPHENYLS (PCBs),TETRACHLOROETHENE,TRICHLOROETHENE",1999,7438086.0,49266.0,24392.0,24874.0,3387.0,1840.0,1547.0,530.5
NY,SUFFOLK,MP,202187,2001-06-14,50.0,"1,2,3-TRICHLOROPROPANE,1,2-DICHLOROPROPANE,1,4-DICHLOROBENZENE,ALUMINUM,ANTIMONY,ARSENIC,BENZENE,BENZO(B)FLUORANTHENE,BENZO(K)FLUORANTHENE,BENZO[A]ANTHRACENE,BENZO[A]PYRENE,BIS(2-ETHYLHEXYL)PHTHALATE,CADMIUM,CHLOROFORM,CHROMIUM,DIBENZO(A,H)ANTHRACENE,DIELDRIN,INDENO(1,2,3-CD)PYRENE,IRON,MANGANESE,N,N-DIPHENYLNITROUS AMIDE,N,N-DIPROPYLNITROUS AMIDE,TRICHLOROETHENE",2001,7405434.0,49985.0,24650.0,25335.0,,,,522.0
NY,SUFFOLK,MP,202636,1998-07-28,50.0,"1,1,1-TRICHLOROETHANE,BENZO[A]PYRENE,CIS-1,2-DICHLOROETHENE,COPPER,DICHLOROMETHANE (METHYLENE CHLORIDE),NICKEL,SILVER,TETRACHLOROETHENE,TRANS-1,2-DICHLOROETHENE,TRICHLOROETHENE,ZINC",1998,7455899.0,49094.0,24258.0,24836.0,3927.0,2141.0,1786.0,536.0
NY,SUFFOLK,OT,204148,1998-09-29,50.0,"2-METHOXY-2-METHYLPROPANE (MTBE),ACETONE,ALUMINUM,ARSENIC,BIS(2-ETHYLHEXYL)PHTHALATE,CHLOROFORM,CHROMIUM,CIS-1,2-DICHLOROETHENE,IRON,MANGANESE,NICKEL,TETRACHLOROETHENE,TRICHLOROETHENE,VANADIUM",1998,7455899.0,49094.0,24258.0,24836.0,3927.0,2141.0,1786.0,536.0
NY,ULSTER,MP; MP; MP,203945,1998-09-29,50.0,"1,1,1-TRICHLOROETHANE,1,1-DICHLOROETHANE,1,1-DICHLOROETHENE,1,2-DICHLOROETHENE (CIS AND TRANS MIXTURE),ETHYLBENZENE,TETRACHLOROETHENE,TRICHLOROETHENE,XYLENE (MIXED ISOMERS)",1998,898615.0,5733.0,2860.0,2873.0,239.0,113.0,126.0,469.1
NY,ULSTER,RE,204190,2001-09-13,50.27000046,"ALUMINUM,ANTIMONY,AROCLOR 1254,AROCLOR 1260,ARSENIC,BARIUM,BENZO(B)FLUORANTHENE,BENZO(K)FLUORANTHENE,BENZO[A]ANTHRACENE,BENZO[A]PYRENE,CADMIUM,CHROMIUM,CHRYSENE,COBALT,COPPER,DIBENZO(A,H)ANTHRACENE,INDENO(1,2,3-CD)PYRENE,IRON,LEAD,MANGANESE,VANADIUM,ZINC",2001,891854.0,5844.0,2873.0,2971.0,,,,458.0
OH,GREENE,RE,504896,2002-09-05,69.33000183,"ARSENIC,BENZENE,BENZO[A]PYRENE,CHLOROETHENE (VINYL CHLORIDE),CIS-1,2-DICHLOROETHENE,DIBENZO(A,H)ANTHRACENE,ETHYLBENZENE,INDENO(1,2,3-CD)PYRENE,POLYCHLORINATED BIPHENYLS (PCBs),TETRACHLOROETHENE,TOLUENE,TRICHLOROETHENE,XYLENE (MIXED ISOMERS)",2002,834468.0,4833.0,2411.0,2422.0,39.0,,,458.0
OH,WARREN,MP,507087,2003-04-30,50.0,"1,2-DIHYDROACENAPHTHYLENE,9H-FLUORENE,ACENAPHTHYLENE,ANTHRACENE,ANTIMONY,ARSENIC,BENZO(GHI)PERYLENE,BENZO(K)FLUORANTHENE,BENZO[A]ANTHRACENE,BENZO[A]PYRENE,CADMIUM,CHROMIUM,CHRYSENE,COPPER,DIBENZO(A,H)ANTHRACENE,FLUORANTHENE,INDENO(1,2,3-CD)PYRENE,LEAD,MERCURY,NAPHTHALENE,NICKEL,PHENANTHRENE,PYRENE,SELENIUM,SILVER,THALLIUM,ZINC",2003,,,,,,,,
OK,CARTER,MP,605091,2000-05-11,,"ARSENIC,BENZO[A]PYRENE",2000,242134.0,1363.0,654.0,709.0,,,,452.9
OK,PAYNE,MP,601160,1999-04-23,29.34000015,"ARSENIC,ASBESTOS,BENZENE,BENZO[A]ANTHRACENE,BENZO[A]PYRENE,LEAD,THALLIUM",1999,407813.0,1486.0,717.0,769.0,24.0,,,406.5
OK,TULSA,MP,604674,1998-09-29,50.0,"ARSENIC,CADMIUM,LEAD,ZINC",1998,3189716.0,16421.0,8403.0,8018.0,580.0,334.0,246.0,481.4
OR,MULTNOMAH,OT,1002155,2000-07-27,50.0,"1,1-DICHLOROETHENE,1,2,3,4,7,8-HEXACHLORODIBENZOFURAN (HxCDF),1,2,3,7,8-PENTACHLORODIBENZO[b,e][1,4]DIOXIN (PeCDD),1,2-DICHLOROETHENE (CIS AND TRANS MIXTURE),1,2-DIHYDROACENAPHTHYLENE,2,3,4,7,8-PENTACHLORODIBENZOFURAN (PeCDF),2,3,7,8-TETRACHLORODIBENZO-p-DIOXIN (TCDD),2,3,7,8-TETRACHLORODIBENZO-p-DIOXIN (TCDD) TOXICITY EQUIVALENTS (TEq),2,3,7,8-TETRACHLORODIBENZOFURAN,2,4,5-TRICHLOROPHENOL,2,4-DICHLOROPHENOXYACETIC ACID,2-METHYLNAPHTHALENE,9H-FLUORENE,ACENAPHTHYLENE,ALDRIN,ANTHRACENE,ARSENIC,BENZENE,BENZO(B)FLUORANTHENE,BENZO(GHI)PERYLENE,BENZO(K)FLUORANTHENE,BENZO[A]ANTHRACENE,BENZO[A]PYRENE,BENZO[A]PYRENE EQUIVALENTS (BaPEq),BIS(2-ETHYLHEXYL)PHTHALATE,C9-C12 Aliphatic Hydrocarbons,CADMIUM,CARCINOGENIC POLYCYCLIC AROMATIC HYDROCARBONS (cPAH),CHLORDANE,CHLOROBENZENE,CHLOROETHENE (VINYL CHLORIDE),CHROMIUM,CHRYSENE,CIS-1,2-DICHLOROETHENE,COPPER,CYANIDE,DIBENZO(A,H)ANTHRACENE,DIELDRIN,ETHYLBENZENE,FLUORANTHENE,GAMMA-HEXACHLOROCYCLOHEXANE (LINDANE),HEXACHLOROBENZENE,INDENO(1,2,3-CD)PYRENE,LEAD,MANGANESE,MECOPROP,MERCURY,NAPHTHALENE,P,P'-DDD,P,P'-DDE,P,P'-DDT,PENTACHLOROPHENOL,PERCHLORATE,PHENANTHRENE,POLYBROMINATED BIPHENYLS (FIREMASTER FF 1),POLYCHLORINATED BIPHENYLS (PCBs),POLYCYCLIC AROMATIC HYDROCARBONS (PAHS),PYRENE,TETRACHLOROETHENE,TOLUENE,TOTAL PETROLEUM HYDROCARBON -DIESEL,TRIBUTYLSTANNANYLIUM,TRICHLOROETHENE,VANADIUM,XYLENE (MIXED ISOMERS),ZINC",2000,4024432.0,19361.0,9821.0,9540.0,,,,450.5
OR,YAMHILL,MP,1000361,2000-12-01,71.77999878,"2,4,6-TRICHLOROPHENOL,2-METHYLNAPHTHALENE,4-METHYLPHENOL (P-CRESOL),ANTIMONY,AROCLOR 1254,ARSENIC,BENZO(B)FLUORANTHENE,BENZO[A]ANTHRACENE,BENZO[A]PYRENE,BIS(2-ETHYLHEXYL)PHTHALATE,CHROMIUM,DIBENZO(A,H)ANTHRACENE,DIBENZOFURAN,DIELDRIN,MANGANESE,NAPHTHALENE,PENTACHLOROPHENOL,POLYCYCLIC AROMATIC HYDROCARBONS (PAHS)",2000,524220.0,2864.0,1438.0,1426.0,,,,440.1
PA,BUCKS,WM,301517,2001-06-14,70.70999908,"ARSENIC,BENZO[A]PYRENE,BIS(2-ETHYLHEXYL)PHTHALATE,CADMIUM,CHLOROETHENE (VINYL CHLORIDE),CIS-1,2-DICHLOROETHENE,COPPER,IRON,LEAD,MANGANESE,MERCURY,Per- and Polyfluoroalkyl Substances (PFAS),SELENIUM,TETRACHLOROETHENE,TRICHLOROETHENE,ZINC",2001,3138338.0,21054.0,10185.0,10869.0,,,,479.1
PA,CHESTER,WM,302420,1999-07-22,50.0,"1,1,1-TRICHLOROETHANE,1,1-DICHLOROETHANE,1,4-DIOXANE,BENZENE,CHLOROETHENE (VINYL CHLORIDE),CHLOROFORM,MANGANESE,PERFLUOROOCTANE SULFONIC ACID,PERFLUOROOCTANOIC ACID (PFOA),POLYCHLORINATED BIPHENYLS (PCBs),TETRACHLOROETHENE,TRICHLOROETHENE",1999,2585579.0,14666.0,7494.0,7172.0,350.0,203.0,147.0,468.9
PA,DELAWARE,WM; WM; WM; WM,305521,2000-05-11,50.0,"AROCLOR 1254,AROCLOR 1260,BENZO(B)FLUORANTHENE,BENZO(K)FLUORANTHENE,BENZO[A]ANTHRACENE,BENZO[A]PYRENE,CADMIUM,COPPER,DIBENZO(A,H)ANTHRACENE,INDENO(1,2,3-CD)PYRENE,LEAD,POLYCHLORINATED BIPHENYLS (PCBs),POLYCYCLIC AROMATIC HYDROCARBONS (PAHS),ZINC",2000,2823321.0,16982.0,8731.0,8251.0,,,,487.7
PA,LUZERNE,MP,303307,2001-06-14,43.15999985,"1,1,1-TRICHLOROETHANE,1,1-DICHLOROETHENE,CHLOROETHENE (VINYL CHLORIDE),CIS-1,2-DICHLOROETHENE,INORGANICS,PERFLUOROOCTANE SULFONIC ACID,PERFLUOROOCTANOIC ACID (PFOA),TRICHLOROETHENE,VOC",2001,1587736.0,11361.0,5527.0,5834.0,,,,511.1
PA,MERCER,MP,300530,1998-03-06,50.0,"2,3,7,8-TETRACHLORODIBENZO-p-DIOXIN (TCDD) TOXICITY EQUIVALENTS (TEq),ACETONE,ALUMINUM,ANTIMONY,AROCLOR 1260,ARSENIC,BARIUM,BENZO[A]PYRENE,BERYLLIUM,CADMIUM,CHLORINATED DIOXINS AND FURANS,CHLOROETHENE (VINYL CHLORIDE),CHROMIUM,CHRYSENE,COBALT,COPPER,CYANIDE,DIBENZO(A,H)ANTHRACENE,ENDRIN,ENDRIN ALDEHYDE,HEPTACHLOR EPOXIDE,IRON,LEAD,MANGANESE,MERCURY,METALS,NICKEL,P,P'-DDT,POLYCHLORINATED BIPHENYLS (PCBs),POLYCYCLIC AROMATIC HYDROCARBONS (PAHS),SELENIUM,SILVER,THALLIUM,TITANIUM,VANADIUM,VANADIUM, METAL AND/OR ALLOY,ZINC",1998,567601.0,4096.0,1938.0,2158.0,,,,500.5
PA,MONTGOMERY,WM,301486,1997-04-01,50.0,"ALUMINUM,ANTIMONY,ARSENIC,BARIUM,BORON,BORON TRIBROMIDE,CADMIUM,CHROMIUM,COPPER,CYANIDE,IRON,LEAD,LITHIUM,MANGANESE,MERCURY,NICKEL,VANADIUM,ZINC",1997,4076222.0,24818.0,12729.0,12089.0,258.0,133.0,125.0,483.1
PA,PHILADELPHIA,RE,305549,2001-09-13,50.20000076,"ALUMINUM,BERYLLIUM,CHROMIUM,COBALT,COPPER,IRON,LEAD,MANGANESE",2001,7907651.0,39696.0,20527.0,19169.0,,,,462.1
PR,MANATI,MP,202979,2002-09-05,50.0,"2,3,7,8-TETRACHLORODIBENZO-p-DIOXIN (TCDD) TOXICITY EQUIVALENTS (TEq),ALDRIN,DIELDRIN,HEPTACHLOR EPOXIDE,TOXAPHENE",2002,,,,,,,,
PR,VEGA BAJA,WM,202533,1999-04-23,50.36999893,"ALUMINUM,ANTIMONY,ARSENIC,CHLOROFORM,CHROMIUM,COPPER,LEAD,MANGANESE,MERCURY,P,P'-DDE,THALLIUM,VANADIUM,ZINC",1999,,,,,,,,
PR,VEGA BAJA,WM,202869,1996-06-17,50.0,"ALUMINUM,ANTIMONY,ARSENIC,BARIUM,CADMIUM,IRON,LEAD,MANGANESE,NICKEL,ZINC",1996,,,,,,,,
RI,PROVIDENCE,MP; MP; MP; MT; OT; RE,101388,1999-10-22,70.70999908,"1,1'-BIPHENYL,1,1,1-TRICHLOROETHANE,1,1,2-TRICHLOROETHANE,1,2,3-TRICHLOROBENZENE,1,2,4-TRICHLOROBENZENE,1,2-DIBROMO-3-CHLOROPROPANE,1,2-DIBROMOETHANE,1,2-DICHLOROBENZENE,1,2-DICHLOROETHANE,2,3,7,8-TETRACHLORODIBENZO-p-DIOXIN (TCDD),2,3,7,8-TETRACHLORODIBENZO-p-DIOXIN (TCDD) TOXICITY EQUIVALENTS (TEq),4-CHLOROANILINE,ALDRIN,ANTIMONY,AROCLOR 1254,ARSENIC,Aroclor 1268,BENZENE,BENZO(B)FLUORANTHENE,BENZO(GHI)PERYLENE,BENZO(K)FLUORANTHENE,BENZO[A]ANTHRACENE,BENZO[A]PYRENE,BERYLLIUM,BIS(2-ETHYLHEXYL)PHTHALATE,CADMIUM,CHLORDANE,CHLOROBENZENE,CHLOROETHENE (VINYL CHLORIDE),CHROMIUM,CHRYSENE,CIS-1,2-DICHLOROETHENE,COPPER,DIBENZO(A,H)ANTHRACENE,DIELDRIN,DIOXINS (CHLORINATED DIBENZODIOXINS),ETHYLBENZENE,FLUORANTHENE,HEPTACHLOR,INDENO(1,2,3-CD)PYRENE,LEAD,MANGANESE,N,N-DIPROPYLNITROUS AMIDE,NAPHTHALENE,P,P'-DDE,P,P'-DDT,PENTACHLOROPHENOL,POLYCHLORINATED BIPHENYLS (PCBs),PYRENE,STYRENE,TETRACHLOROETHENE,THALLIUM,TOLUENE,TRANS-1,2-DICHLOROETHENE,TRICHLOROETHENE,XYLENE (MIXED ISOMERS)",1999,3172420.0,16859.0,8794.0,8065.0,1739.0,975.0,764.0,459.4
SC,BARNWELL,MP,405643,1996-06-17,68.26000214,"1,2-DICHLOROETHANE,1,2-DICHLOROETHENE (CIS AND TRANS MIXTURE),ARSENIC,BIS(2-ETHYLHEXYL)PHTHALATE,CHLOROETHENE (VINYL CHLORIDE),COPPER,ETHYLBENZENE,LEAD,TETRACHLOROETHENE,TOLUENE,TRICHLOROETHENE,XYLENE (MIXED ISOMERS),ZINC",1996,110516.0,535.0,265.0,270.0,,,,407.1
SC,CHARLESTON,MP,406784,1999-10-22,50.0,"ANTIMONY,ARSENIC,CHROMIUM,CHROMIUM(VI),IRON,MANGANESE,NICKEL,ZINC",1999,1974213.0,10455.0,5071.0,5384.0,162.0,89.0,73.0,445.4
SD,LAWRENCE,MI,801668,2000-05-11,50.0,"ARSENIC,CADMIUM,COPPER,LEAD,SELENIUM,THALLIUM,ZINC",2000,127671.0,694.0,365.0,329.0,,,,381.2
TN,FAYETTE,RE,403822,1996-12-23,37.65000153,"ALUMINUM,ANTIMONY,ARSENIC,BARIUM,CADMIUM,CHROMIUM,COPPER,IRON,LEAD,MANGANESE,MERCURY,NICKEL,SELENIUM,THALLIUM,VANADIUM,ZINC",1996,194333.0,1189.0,524.0,665.0,,,,444.6
TX,BELL,MP,605009,1998-03-06,48.0,"ANTIMONY,ARSENIC,CADMIUM,LEAD,MERCURY,THALLIUM",1998,1682599.0,7014.0,3466.0,3548.0,923.0,500.0,423.0,486.3
TX,BRAZORIA,OT,602027,2002-09-05,50.0,"1,1,1-TRICHLOROETHANE,1,1,2-TRICHLOROETHANE,1,1-DICHLOROETHANE,1,1-DICHLOROETHENE,1,2,3-TRICHLOROPROPANE,1,2-DICHLOROETHANE,1,2-DICHLOROPROPANE,1-PHENYLETHANONE,4-METHYL-2-PENTANONE (METHYL ISOBUTYL KETONE),ALDRIN,ALPHA-CHLORDANE,ALPHA-HEXACHLOROCYCLOHEXANE,AROCLOR 1254,ARSENIC,BENZENE,BENZO(B)FLUORANTHENE,BENZO(GHI)PERYLENE,BENZO(K)FLUORANTHENE,BENZO[A]ANTHRACENE,BENZO[A]PYRENE,BETA-HEXACHLOROCYCLOHEXANE,BIS(2-ETHYLHEXYL)PHTHALATE,CARBON DISULFIDE,CHLOROETHENE (VINYL CHLORIDE),CHLOROFORM,CHRYSENE,CIS-1,2-DICHLOROETHENE,COBALT,COPPER,DELTA-HEXACHLOROCYCLOHEXANE,DICHLOROMETHANE (METHYLENE CHLORIDE),DIELDRIN,ENDOSULFAN II,ENDRIN,ENDRIN ALDEHYDE,ETHYLBENZENE,FLUORANTHENE,GAMMA-CHLORDANE,GAMMA-HEXACHLOROCYCLOHEXANE (LINDANE),HEPTACHLOR EPOXIDE,INDENO(1,2,3-CD)PYRENE,LEAD,MANGANESE,NAPHTHALENE,NICKEL,P,P'-DDT,PHENANTHRENE,PHENOL,PYRENE,TETRACHLOROETHENE,TOLUENE,TRICHLOROETHENE,VANADIUM, METAL AND/OR ALLOY,XYLENE (MIXED ISOMERS),ZINC",2002,1841059.0,8233.0,3844.0,4389.0,1356.0,699.0,657.0,444.6
TX,ECTOR,OT,605023,1997-04-01,43.20999908,"1,1-DICHLOROETHENE,CHROMIUM",1997,766087.0,2686.0,1368.0,1318.0,1004.0,539.0,465.0,409.3
TX,GALVESTON,MP,602105,1996-06-17,50.0,"1,2-DICHLOROETHANE,ALUMINUM,ANTIMONY,ARSENIC,BARIUM,BENZENE,BERYLLIUM,CADMIUM,CHLOROFORM,CHROMIUM,COBALT,COPPER,IRON,LEAD,MANGANESE,MERCURY,MOLYBDENUM,NICKEL,RADIUM-226,RADIUM-228,SELENIUM,SILVER,THORIUM-228,THORIUM-230,THORIUM-232,TIN,URANIUM-234,URANIUM-235,URANIUM-238,ZINC",1996,1538592.0,6814.0,3157.0,3657.0,746.0,355.0,391.0,409.7
TX,GALVESTON,WM,602922,2000-08-24,50.0,"1,1,2,2-TETRACHLOROETHANE,1,1,2-TRICHLOROETHANE,1,2-DIBROMOETHANE,1,2-DICHLOROETHANE,2,3,7,8-TETRACHLORODIBENZO-p-DIOXIN (TCDD) TOXICITY EQUIVALENTS (TEq),2-METHYLNAPHTHALENE,ALDRIN,ALUMINUM,ARSENIC,BENZENE,BENZO(B)FLUORANTHENE,BENZO[A]ANTHRACENE,BENZO[A]PYRENE,BIS(2-CHLOROETHYL)ETHER,BIS(2-ETHYLHEXYL)PHTHALATE,CADMIUM,CHLOROETHENE (VINYL CHLORIDE),CHLOROFORM,CHROMIUM,CIS-1,2-DICHLOROETHENE,COPPER,DIBENZO(A,H)ANTHRACENE,DICHLOROMETHANE (METHYLENE CHLORIDE),HEXACHLORO-1,3-BUTADIENE,HEXACHLOROBENZENE,INDENO(1,2,3-CD)PYRENE,MERCURY,METALS,NAPHTHALENE,NICKEL,PENTACHLOROPHENOL,PHENANTHRENE,POLYCHLORINATED BIPHENYLS (PCBs),POLYCYCLIC AROMATIC HYDROCARBONS (PAHS),SELENIUM,SILVER,TETRACHLOROETHENE,TRANS-1,2-DICHLOROETHENE,TRICHLOROETHENE,UNKNOWN LIQ WASTE,XYLENE (MIXED ISOMERS),ZINC",2000,1663983.0,8107.0,3768.0,4339.0,,,,429.4
TX,GREGG,MP,601644,1999-07-22,49.09999847,"1,2-DICHLOROETHANE,1,2-DIHYDROACENAPHTHYLENE,1,4-DICHLOROBENZENE,1-PHENYLETHANONE,2,4-DIMETHYLPHENOL,2-METHYLNAPHTHALENE,9H-CARBAZOLE,9H-FLUORENE,ACENAPHTHYLENE,ANTHRACENE,ARSENIC,BENZENE,BENZO(B)FLUORANTHENE,BENZO(GHI)PERYLENE,BENZO(K)FLUORANTHENE,BENZO[A]ANTHRACENE,BENZO[A]PYRENE,CHLOROETHENE (VINYL CHLORIDE),CHRYSENE,CIS-1,2-DICHLOROETHENE,DIBENZO(A,H)ANTHRACENE,DIBENZOFURAN,FLUORANTHENE,INDENO(1,2,3-CD)PYRENE,IRON,NAPHTHALENE,PENTACHLOROPHENOL,PHENANTHRENE,PYRENE,THALLIUM,TRICHLOROETHENE",1999,616416.0,3496.0,1777.0,1719.0,184.0,102.0,82.0,502.4
TX,HARRIS,MP; MT; RE,605008,1998-09-29,32.06999969,"ARSENIC,BENZO[A]PYRENE,LEAD,MANGANESE,MOLYBDENUM,TOTAL PETROLEUM HYDROCARBONS (TPH)",1998,22669154.0,78673.0,39319.0,39354.0,17873.0,9612.0,8261.0,395.1
TX,HARRIS,OT,605460,2003-04-30,46.5,"CHLOROETHENE (VINYL CHLORIDE),CIS-1,2-DICHLOROETHENE,TETRACHLOROETHENE,TRANS-1,2-DICHLOROETHENE,TRICHLOROETHENE",2003,,,,,,,,
TX,HOCKLEY,OT,605177,1999-07-22,42.40999985,"1,2-DICHLOROETHANE,ARSENIC,BENZENE,COPPER,MANGANESE,VANADIUM,ZINC",1999,115764.0,504.0,229.0,275.0,153.0,63.0,90.0,400.9
TX,JASPER,MP,601735,1998-03-06,50.0,"1,2-DIHYDROACENAPHTHYLENE,2,3,7,8-TETRACHLORODIBENZO-p-DIOXIN (TCDD),2,4-DIMETHYLPHENOL,2-METHYLNAPHTHALENE,9H-CARBAZOLE,ARSENIC,BENZENE,BENZO(B)FLUORANTHENE,BENZO(K)FLUORANTHENE,BENZO[A]ANTHRACENE,BENZO[A]PYRENE,CHRYSENE,CREOSOTE,CRESOL (MIXED ISOMERS),DIBENZO(A,H)ANTHRACENE,DIBENZOFURAN,DIOXINS (CHLORINATED DIBENZODIOXINS),INDENO(1,2,3-CD)PYRENE,IRON,NAPHTHALENE,PENTACHLOROPHENOL,PHENANTHRENE,POLYCYCLIC AROMATIC HYDROCARBONS (PAHS),THALLIUM,VANADIUM, METAL AND/OR ALLOY,XYLENE (MIXED ISOMERS)",1998,177262.0,1129.0,512.0,617.0,21.0,,,481.9
TX,JASPER,MP,601975,1999-04-23,48.0,"1,2-DIHYDROACENAPHTHYLENE,2,4-DIMETHYLPHENOL,2-METHYLNAPHTHALENE,2-METHYLPHENOL (O-CRESOL),3-METHYLPHENOL (M-CRESOL),4-METHYLPHENOL (P-CRESOL),9H-CARBAZOLE,9H-FLUORENE,ACENAPHTHYLENE,ANTHRACENE,AROCLOR 1242,BENZENE,BENZO(B)FLUORANTHENE,BENZO(GHI)PERYLENE,BENZO(K)FLUORANTHENE,BENZO[A]ANTHRACENE,BENZO[A]PYRENE,CHRYSENE,CREOSOTE,DIBENZO(A,H)ANTHRACENE,DIBENZOFURAN,FLUORANTHENE,INDENO(1,2,3-CD)PYRENE,NAPHTHALENE,PHENANTHRENE,PYRENE",1999,177425.0,1175.0,531.0,644.0,20.0,,,498.1
TX,JEFFERSON,OT,602444,1998-03-06,,"ANTIMONY,AROCLOR 1242,ARSENIC,BARIUM,BENZO[A]PYRENE,BERYLLIUM,CADMIUM,COPPER,LEAD,MERCURY,PENTACHLOROPHENOL,SELENIUM,SILVER,THALLIUM,ZINC",1998,1274160.0,5668.0,2645.0,3023.0,395.0,173.0,222.0,399.1
TX,JEFFERSON,OT,605043,1999-07-22,50.0,"ANTIMONY,ARSENIC,CADMIUM,CARBON DISULFIDE,CHROMIUM,CHROMIUM(VI),COPPER,DIBENZOFURAN,DIELDRIN,ENDOSULFAN II,ETHYLBENZENE,LEAD,MERCURY,P,P'-DDE,P,P'-DDT,PENTACHLOROPHENOL,POLYCHLORINATED BIPHENYLS (PCBs),POLYCYCLIC AROMATIC HYDROCARBONS (PAHS),SELENIUM,SILVER,VANADIUM,ZINC",1999,1273032.0,5882.0,2704.0,3178.0,428.0,183.0,245.0,410.4
TX,JEFFERSON,OT,605212,2000-05-11,,"ALDRIN,AROCLOR 1254,ARSENIC,BENZENE,BENZO(B)FLUORANTHENE,BENZO[A]ANTHRACENE,BENZO[A]PYRENE,DIELDRIN,HEPTACHLOR EPOXIDE,LEAD,NAPHTHALENE,PENTACHLOROPHENOL",2000,1270670.0,6050.0,2764.0,3286.0,,,,420.5
TX,MONTGOMERY,MP,601732,2003-04-30,48.0,"NAPHTHALENE,PENTACHLOROPHENOL",2003,,,,,,,,
TX,NUECES,WM,605264,2001-09-13,50.0,"3-METHYLPHENOL (M-CRESOL),4-METHYLPHENOL (P-CRESOL),ARSENIC,BENZENE,C5-C8 Aliphatic Hydrocarbons,ETHYLBENZENE,LEAD,MERCURY,SELENIUM,ZINC",2001,1810753.0,7705.0,3698.0,4007.0,,,,380.9
TX,OCHILTREE,OT,605015,1998-09-29,50.0,"ATRAZINE,CARBON TETRACHLORIDE,CHLOROFORM,LEAD,NITRATE,NITRATE/NITRITE",1998,52505.0,169.0,87.0,82.0,41.0,20.0,21.0,353.8
TX,SAN PATRICIO,MP,602349,2002-09-05,50.0,"ASBESTOS,NON-HAZARDOUS WASTE,TOTAL DISSOLVED SOLIDS (TDS)",2002,343388.0,1701.0,802.0,899.0,703.0,352.0,351.0,444.1
UT,DAVIS,OT,801528,2000-12-01,50.0,"1,1-DICHLOROETHENE,1,2,4-TRIMETHYLBENZENE,1,2-DIMETHYLBENZENE (O-XYLENE),1,3,5-TRIMETHYLBENZENE,1,3-DIMETHYLBENZENE (M-XYLENE),1,4-DIMETHYLBENZENE (P-XYLENE),2-METHOXY-2-METHYLPROPANE (MTBE),BENZENE,CHLOROETHENE (VINYL CHLORIDE),CIS-1,2-DICHLOROETHENE,ETHYLBENZENE,NAPHTHALENE,TETRACHLOROETHENE,TOLUENE,TRANS-1,2-DICHLOROETHENE,TRICHLOROETHENE",2000,1729385.0,6172.0,2936.0,3236.0,,,,421.5
UT,DAVIS,RE,801545,1999-10-22,50.0,"1,1,2-TRICHLOROETHANE,1,2,4-TRICHLOROBENZENE,1,2-DICHLOROETHANE,BIS(2-ETHYLHEXYL)PHTHALATE,BROMOFORM,CHLOROFORM,CIS-1,2-DICHLOROETHENE,DIBROMOCHLOROMETHANE,HEXACHLORO-1,3-BUTADIENE,NAPHTHALENE,TRICHLOROETHENE",1999,1702070.0,5888.0,2854.0,3034.0,282.0,144.0,138.0,413.5
UT,JUAB,MP; MI,801644,2001-06-14,50.0,"ARSENIC,LEAD",2001,58116.0,224.0,100.0,124.0,,,,425.2
UT,SALT LAKE,MP,801257,2000-12-01,0.0,"ARSENIC,LEAD",2000,5668248.0,20842.0,10485.0,10357.0,,,,407.1
UT,TOOELE,MP,800650,1999-04-23,,"ARSENIC,LEAD",1999,326168.0,1169.0,534.0,635.0,73.0,34.0,39.0,444.4
UT,TOOELE,MP,801674,1999-07-22,50.0,"ARSENIC,LEAD",1999,326168.0,1169.0,534.0,635.0,73.0,34.0,39.0,444.4
VA,ALLEGHANY,WM,302612,1999-04-23,50.0,"ALUMINUM,ARSENIC,BARIUM,CHLOROETHENE (VINYL CHLORIDE),IRON,LEAD,MANGANESE,THALLIUM",1999,,,,,,,,
VA,CHESAPEAKE CITY,MP,302852,2000-02-04,50.0,"1,1,2-TRICHLOROETHANE,1,1-DICHLOROETHENE,1,2-DIHYDROACENAPHTHYLENE,2-METHYLNAPHTHALENE,9H-FLUORENE,ACENAPHTHYLENE,ALPHA-CHLORDANE,ALUMINUM,ANTHRACENE,ANTIMONY,AROCLOR 1254,AROCLOR 1260,ARSENIC,BARIUM,BENZO(B)FLUORANTHENE,BENZO(GHI)PERYLENE,BENZO(K)FLUORANTHENE,BENZO[A]ANTHRACENE,BENZO[A]PYRENE,CADMIUM,CHLOROETHENE (VINYL CHLORIDE),CHLOROFORM,CHROMIUM,CHRYSENE,CIS-1,2-DICHLOROETHENE,COPPER,CYANIDE,DIBENZO(A,H)ANTHRACENE,DICHLOROMETHANE (METHYLENE CHLORIDE),DIELDRIN,DIETHYL PHTHALATE,FLUORANTHENE,GAMMA-CHLORDANE,HEPTACHLOR EPOXIDE,INDENO(1,2,3-CD)PYRENE,IRON,LEAD,MANGANESE,NAPHTHALENE,NICKEL,P,P'-DDD,P,P'-DDE,P,P'-DDT,PHENANTHRENE,PYRENE,TETRACHLOROETHENE,TRANS-1,2-DICHLOROETHENE,TRICHLOROETHENE,VANADIUM,ZINC",2000,,,,,,,,
VA,NORFOLK CITY,OT,302858,1996-06-17,50.0,"1,1,1-TRICHLOROETHANE,1,1-DICHLOROETHANE,1,1-DICHLOROETHENE,1,2-DICHLOROETHANE,1,2-DICHLOROETHENE (CIS AND TRANS MIXTURE),1,2-DIHYDROACENAPHTHYLENE,1,4-DICHLOROBENZENE,2-METHYLNAPHTHALENE,4-METHYLPHENOL (P-CRESOL),9H-CARBAZOLE,9H-FLUORENE,ACENAPHTHYLENE,ACETONE,ALPHA-CHLORDANE,ALUMINUM,ANTHRACENE,ANTIMONY,AROCLOR 1248,AROCLOR 1254,AROCLOR 1260,ARSENIC,BARIUM,BENZENE,BENZO(B)FLUORANTHENE,BENZO(K)FLUORANTHENE,BENZO[A]ANTHRACENE,BENZO[A]PYRENE,BERYLLIUM,BIS(2-ETHYLHEXYL)PHTHALATE,CADMIUM,CARBON TETRACHLORIDE,CHLOROBENZENE,CHLOROETHENE (VINYL CHLORIDE),CHLOROFORM,CHROMIUM,CHRYSENE,CIS-1,2-DICHLOROETHENE,COPPER,CYANIDE,DIBENZO(A,H)ANTHRACENE,DIBENZOFURAN,DIELDRIN,DIOXINS (CHLORINATED DIBENZODIOXINS),ETHYLBENZENE,FLUORANTHENE,GAMMA-CHLORDANE,HEPTACHLOR EPOXIDE,INDENO(1,2,3-CD)PYRENE,INORGANICS,IRON,LEAD,MANGANESE,MERCURY,N,N-DIPROPYLNITROUS AMIDE,NAPHTHALENE,NICKEL,P,P'-DDD,P,P'-DDE,P,P'-DDT,PENTACHLOROPHENOL,PESTICIDES,PHENANTHRENE,POLYCHLORINATED BIPHENYLS (PCBs),PYRENE,SILVER,TETRACHLOROETHENE,THALLIUM,TOLUENE,TRICHLOROETHENE,VANADIUM,XYLENE (MIXED ISOMERS),ZINC",1996,1227087.0,5073.0,2578.0,2495.0,,,,476.2
VA,PORTSMOUTH CITY,MP,302841,1998-03-06,50.0,"1,1,2,2-TETRACHLOROETHANE,1,2-DICHLOROETHENE (CIS AND TRANS MIXTURE),2-METHYLNAPHTHALENE,ALDRIN,ALUMINUM,ANTIMONY,ARSENIC,BARIUM,BENZENE,BENZO(B)FLUORANTHENE,BENZO(K)FLUORANTHENE,BENZO[A]ANTHRACENE,BENZO[A]PYRENE,BETA-HEXACHLOROCYCLOHEXANE,BIS(2-ETHYLHEXYL)PHTHALATE,BUTYL BENZYL PHTHALATE,CADMIUM,CHLOROETHENE (VINYL CHLORIDE),CHLOROFORM,CHROMIUM,CHRYSENE,COBALT,COPPER,DIBENZO(A,H)ANTHRACENE,DIELDRIN,HEPTACHLOR EPOXIDE,INDENO(1,2,3-CD)PYRENE,IRON,LEAD,MANGANESE,MERCURY,METALS,NAPHTHALENE,NICKEL,PESTICIDES,POLYCHLORINATED BIPHENYLS (PCBs),SELENIUM,SEMI-VOLATILE ORGANIC COMPOUNDS (SVOC),SILVER,TETRACHLOROETHENE,THALLIUM,TRICHLOROETHENE,VANADIUM,VOC,ZINC",1998,477992.0,2537.0,1250.0,1287.0,,,,474.3
VA,SUFFOLK CITY,MP,302639,1999-01-19,70.70999908,"1,2-DIHYDROACENAPHTHYLENE,2,4,6-TRINITROTOLUENE,9H-FLUORENE,ALDRIN,ALUMINUM,ARSENIC,BENZO(B)FLUORANTHENE,BENZO(K)FLUORANTHENE,BENZO[A]ANTHRACENE,BENZO[A]PYRENE,CHLOROMETHANE,CHROMIUM,CHRYSENE,DIELDRIN,DIOXINS AND DIBENZOFURANS,ENDRIN KETONE,EXPLOSIVES,IRON,LEAD,MERCURY,NAPHTHALENE,P,P'-DDD,P,P'-DDE,P,P'-DDT,PENTANE,PHENANTHRENE,POLYCHLORINATED BIPHENYLS (PCBs),PYRENE,THALLIUM,VANADIUM,ZINC",1999,445238.0,2303.0,1135.0,1168.0,20.0,,,456.0
VA,VIRGINIA BEACH CITY,MP,302853,1998-07-28,50.0,"1,1,1-TRICHLOROETHANE,1,1,2-TRICHLOROETHANE,1,1-DICHLOROETHANE,1,1-DICHLOROETHENE,1,2-DICHLOROETHANE,1,2-DICHLOROETHENE (CIS AND TRANS MIXTURE),1,2-DICHLOROPROPANE,4-METHYLPHENOL (P-CRESOL),ALPHA-CHLORDANE,ALUMINUM,ANTIMONY,AROCLOR 1260,ARSENIC,BARIUM,BENZENE,CADMIUM,CARBON TETRACHLORIDE,CHLOROETHENE (VINYL CHLORIDE),CHLOROFORM,CHLOROMETHANE,CHROMIUM,CIS-1,2-DICHLOROETHENE,COPPER,CYANIDE,DIELDRIN,ENDRIN,ENDRIN KETONE,GAMMA-CHLORDANE,IRON,LEAD,MANGANESE,MERCURY,METALS,NICKEL,P,P'-DDE,P,P'-DDT,PENTACHLOROPHENOL,POLYCYCLIC AROMATIC HYDROCARBONS (PAHS),SELENIUM,TETRACHLOROETHENE,THALLIUM,TRANS-1,2-DICHLOROETHENE,TRICHLOROETHENE,VANADIUM,VOC,ZINC",1998,2248217.0,11002.0,5692.0,5310.0,257.0,146.0,111.0,464.2
VA,YORK,MP,302848,2000-02-04,49.27000046,"ALUMINUM,ANTIMONY,AROCLOR 1260,ARSENIC,BENZO(B)FLUORANTHENE,BENZO(K)FLUORANTHENE,BENZO[A]ANTHRACENE,BENZO[A]PYRENE,CADMIUM,CHRYSENE,COPPER,DIBENZO(A,H)ANTHRACENE,INDENO(1,2,3-CD)PYRENE,IRON,LEAD,MANGANESE,MERCURY,NICKEL,P,P'-DDD,P,P'-DDT,POLYCYCLIC AROMATIC HYDROCARBONS (PAHS),SILVER,ZINC",2000,,,,,,,,
VT,BENNINGTON,MP,101463,1998-09-29,50.0,"1,4-DICHLOROBENZENE,ALUMINUM,ARSENIC,ATRAZINE,BENZO[A]ANTHRACENE,BENZO[A]PYRENE,CARBON TETRACHLORIDE,CHROMIUM,DICHLOROMETHANE (METHYLENE CHLORIDE),DIOXINS AND DIBENZOFURANS,HEPTACHLOR EPOXIDE,IRON,LEAD,MANGANESE,MERCURY,N,N-DIPROPYLNITROUS AMIDE,PENTACHLOROPHENOL,POLYCHLORINATED BIPHENYLS (PCBs),TETRACHLOROETHENE,THALLIUM",1998,180511.0,1294.0,666.0,628.0,,,,477.5
VT,ORANGE,MI,102065,2001-06-14,50.0,"ALUMINUM,CADMIUM,COBALT,COPPER,IRON,LEAD,MANGANESE,NICKEL,SELENIUM,ZINC",2001,144359.0,987.0,452.0,535.0,,,,453.5
VT,ORANGE,MI,102071,2000-12-01,50.0,"ALUMINUM,ARSENIC,BARIUM,CADMIUM,CHROMIUM,COBALT,COPPER,CYANIDE,IRON,LEAD,MANGANESE,MERCURY,NICKEL,SELENIUM,SILVER,THALLIUM,VANADIUM,ZINC",2000,144422.0,972.0,448.0,524.0,,,,455.6
WA,KING,OT,1002020,2000-12-01,50.0,"1,2,4-TRICHLOROBENZENE,1,2-DICHLOROBENZENE,1,2-DIHYDROACENAPHTHYLENE,1,4-DICHLOROBENZENE,2,4-DIMETHYLPHENOL,2-METHYLNAPHTHALENE,4-METHYLPHENOL (P-CRESOL),9H-FLUORENE,ANTHRACENE,ARSENIC,BENZO(B)FLUORANTHENE,BENZO(GHI)PERYLENE,BENZO(K)FLUORANTHENE,BENZOIC ACID,BENZO[A]ANTHRACENE,BENZO[A]PYRENE,BIS(2-ETHYLHEXYL)PHTHALATE,BUTYL BENZYL PHTHALATE,CADMIUM,CARCINOGENIC POLYCYCLIC AROMATIC HYDROCARBONS (cPAH),CHLORINATED DIOXINS AND FURANS,CHROMIUM,CHRYSENE,COPPER,DIBENZO(A,H)ANTHRACENE,DIBENZOFURAN,DIMETHYL PHTHALATE,FLUORANTHENE,HEXACHLOROBENZENE,INDENO(1,2,3-CD)PYRENE,LEAD,MERCURY,N,N-DIPHENYLNITROUS AMIDE,NAPHTHALENE,PENTACHLOROPHENOL,PHENANTHRENE,PHENOL,PHENYLMETHANOL,POLYCHLORINATED BIPHENYLS (PCBs),POLYCYCLIC AROMATIC HYDROCARBONS, HIGH MOLECULAR WEIGHT (HPAHS),POLYCYCLIC AROMATIC HYDROCARBONS, LOW MOLECULAR WEIGHT (LPAHS),PYRENE,SILVER,TOTAL BENZOFLUORANTHENES,ZINC",2000,10978377.0,52320.0,26420.0,25900.0,,,,447.4
WA,LEWIS,WM,1002174,2000-05-11,37.65000153,"CIS-1,2-DICHLOROETHENE,DICHLOROMETHANE (METHYLENE CHLORIDE),TETRACHLOROETHENE,TRICHLOROETHENE",2000,390517.0,2196.0,1074.0,1122.0,,,,384.1
WA,STEVENS,MI; MI,1001070,1999-02-16,50.0,"ALUMINUM,BARIUM,BERYLLIUM,CADMIUM,CHROMIUM,COBALT,COPPER,LEAD,LEAD-210,MANGANESE,NICKEL,RADIUM-226,RADON,SELENIUM,SILVER,URANIUM,URANIUM-234,URANIUM-238,VANADIUM, METAL AND/OR ALLOY,ZINC",1999,221033.0,1186.0,601.0,585.0,,,,357.8
WA,THURSTON,OT,1001761,1996-12-23,50.0,"TETRACHLOROETHENE,TRICHLOROETHENE",1996,1312847.0,7323.0,3690.0,3633.0,226.0,112.0,114.0,476.0
WA,WHATCOM,MP,1000590,1996-12-23,69.33999634,"2,3,7,8-TETRACHLORODIBENZO-p-DIOXIN (TCDD),NAPHTHALENE,PENTACHLOROPHENOL,TOTAL PETROLEUM HYDROCARBONS (TPH)",1996,1035327.0,5634.0,2749.0,2885.0,150.0,83.0,67.0,472.5
WI,ASHLAND,MP,507952,2000-12-01,50.0,"1,2,4-TRICHLOROBENZENE,1,2,4-TRIMETHYLBENZENE,1,2-DIHYDROACENAPHTHYLENE,1,3,5-TRIMETHYLBENZENE,1,4-DICHLOROBENZENE,1-METHYLNAPHTHALENE,2-METHYLNAPHTHALENE,2-METHYLPHENOL (O-CRESOL),3-METHYLPHENOL (M-CRESOL),4-METHYLPHENOL (P-CRESOL),9H-FLUORENE,ANTIMONY,ARSENIC,BARIUM,BENZENE,BENZO(B)FLUORANTHENE,BENZO(K)FLUORANTHENE,BENZO[A]ANTHRACENE,BENZO[A]PYRENE,BENZO[E]PYRENE,BUTAN-2-YLBENZENE,BUTYLBENZENE,CADMIUM,CARBON TETRACHLORIDE,CHROMIUM,CHRYSENE,COPPER,CYANIDE,DIBENZO(A,H)ANTHRACENE,DIBENZOFURAN,ETHYLBENZENE,FLUORANTHENE,INDENO(1,2,3-CD)PYRENE,IRON,LEAD,MANGANESE,MERCURY,NAPHTHALENE,NICKEL,PHENANTHRENE,POLYCYCLIC AROMATIC HYDROCARBONS (PAHS),PYRENE,SELENIUM,SILVER,THALLIUM,TOLUENE,TRICHLOROETHENE,TRIMETHYLBENZENE (MIXED ISOMERS),VANADIUM,XYLENE (MIXED ISOMERS),ZINC",2000,78011.0,540.0,250.0,290.0,,,,492.1
WI,BROWN,MP,507723,1998-07-28,50.0,"2,3,7,8-TETRACHLORODIBENZO-p-DIOXIN (TCDD),ARSENIC,LEAD,MERCURY,P,P'-DDD,P,P'-DDE,P,P'-DDT,POLYCHLORINATED BIPHENYLS (PCBs)",1998,1289790.0,6525.0,3171.0,3354.0,132.0,75.0,57.0,457.6
WV,MARION,MP,302883,1996-06-17,57.08000183,"2,4,6-TRINITROPHENOL,ALUMINUM,ARSENIC,ASBESTOS,BENZENE,BENZO(B)FLUORANTHENE,BENZO[A]ANTHRACENE,BENZO[A]PYRENE,CADMIUM,CHROMIUM,COBALT,COPPER,CREOSOTE,CYANIDE,DIBENZO(A,H)ANTHRACENE,IRON,LEAD,MANGANESE,METALS,NICKEL,ORGANICS,PHENOL,SELENIUM,SILVER,THALLIUM,ZINC",1996,283665.0,1924.0,973.0,951.0,,,,515.8
WV,MARION,RE,302947,2000-02-04,48.569999689999996,"ASBESTOS,BENZENE,LEAD,MERCURY,METALS,SELENIUM,VOC",2000,282011.0,1878.0,920.0,958.0,,,,501.2
WV,MARSHALL,MP,303677,1999-04-23,53.97999954,"2,4-DINITROTOLUENE,2,6-DINITROTOLUENE,ANILINE,ARSENIC,BENZO[A]PYRENE,CARBON TETRACHLORIDE,CHLOROFORM,CHROMIUM,COPPER,HEXACHLOROBENZENE,LEAD,MANGANESE,MERCURY,POLYCHLORINATED BIPHENYLS (PCBs),SODIUM HYDROXIDE,SULFURIC ACID,THALLIUM,ZINC",1999,158368.0,1000.0,491.0,509.0,,,,428.9
WV,WOOD,OT,304759,1999-04-23,50.0,"1,1,2,2-TETRACHLOROETHANE,1,2-DICHLOROETHANE,ARSENIC ACID,LEAD,SELENIUM,TETRACHLOROETHENE,TRICHLOROETHENE",1999,427753.0,2851.0,1376.0,1475.0,,,,479.9
